init_id,condition,infer_T,updates,seed,contrast,value
A,raw,2,512,9621,P,0.14162024782153315
A,raw,2,512,9621,accuracy_target_minus_reuse_pp,1.6199999999999992
A,raw,2,512,9621,G_a2,0.14726238687501758
A,raw,2,512,9621,accuracy_gain_a2_pp,1.6800000000000037
A,raw,2,512,9621,G_a4,0.00564213905348443
A,raw,2,512,9621,accuracy_gain_a4_pp,0.060000000000004494
A,raw,2,512,9622,P,0.15708390969065933
A,raw,2,512,9622,accuracy_target_minus_reuse_pp,2.310000000000001
A,raw,2,512,9622,G_a2,0.12457308836467562
A,raw,2,512,9622,accuracy_gain_a2_pp,1.7100000000000004
A,raw,2,512,9622,G_a4,-0.03251082132598371
A,raw,2,512,9622,accuracy_gain_a4_pp,-0.6000000000000005
A,raw,2,512,9623,P,0.15400047776764247
A,raw,2,512,9623,accuracy_target_minus_reuse_pp,1.969999999999994
A,raw,2,512,9623,G_a2,0.08723492703377267
A,raw,2,512,9623,accuracy_gain_a2_pp,1.1499999999999955
A,raw,2,512,9623,G_a4,-0.0667655507338698
A,raw,2,512,9623,accuracy_gain_a4_pp,-0.8199999999999985
A,raw,2,512,9624,P,0.1471906348251273
A,raw,2,512,9624,accuracy_target_minus_reuse_pp,1.9899999999999918
A,raw,2,512,9624,G_a2,0.1222938477321529
A,raw,2,512,9624,accuracy_gain_a2_pp,1.5499999999999958
A,raw,2,512,9624,G_a4,-0.024896787092974382
A,raw,2,512,9624,accuracy_gain_a4_pp,-0.43999999999999595
A,raw,2,512,9625,P,0.1420947153117973
A,raw,2,512,9625,accuracy_target_minus_reuse_pp,1.859999999999995
A,raw,2,512,9625,G_a2,0.14913857678910714
A,raw,2,512,9625,accuracy_gain_a2_pp,1.9499999999999962
A,raw,2,512,9625,G_a4,0.007043861477309843
A,raw,2,512,9625,accuracy_gain_a4_pp,0.09000000000000119
A,raw,2,1024,9621,P,0.16535988665083412
A,raw,2,1024,9621,accuracy_target_minus_reuse_pp,1.9199999999999995
A,raw,2,1024,9621,G_a2,0.16426149254557676
A,raw,2,1024,9621,accuracy_gain_a2_pp,1.959999999999995
A,raw,2,1024,9621,G_a4,-0.001098394105257361
A,raw,2,1024,9621,accuracy_gain_a4_pp,0.039999999999995595
A,raw,2,1024,9622,P,0.1663832130106575
A,raw,2,1024,9622,accuracy_target_minus_reuse_pp,1.429999999999998
A,raw,2,1024,9622,G_a2,0.14632320091192974
A,raw,2,1024,9622,accuracy_gain_a2_pp,1.4499999999999957
A,raw,2,1024,9622,G_a4,-0.020060012098727764
A,raw,2,1024,9622,accuracy_gain_a4_pp,0.019999999999997797
A,raw,2,1024,9623,P,0.15127211671576357
A,raw,2,1024,9623,accuracy_target_minus_reuse_pp,1.739999999999997
A,raw,2,1024,9623,G_a2,0.1791058568005217
A,raw,2,1024,9623,accuracy_gain_a2_pp,2.290000000000003
A,raw,2,1024,9623,G_a4,0.02783374008475814
A,raw,2,1024,9623,accuracy_gain_a4_pp,0.550000000000006
A,raw,2,1024,9624,P,0.13568089254130622
A,raw,2,1024,9624,accuracy_target_minus_reuse_pp,2.1500000000000075
A,raw,2,1024,9624,G_a2,0.1746386486425997
A,raw,2,1024,9624,accuracy_gain_a2_pp,2.5800000000000045
A,raw,2,1024,9624,G_a4,0.038957756101293484
A,raw,2,1024,9624,accuracy_gain_a4_pp,0.42999999999999705
A,raw,2,1024,9625,P,0.17512550340739552
A,raw,2,1024,9625,accuracy_target_minus_reuse_pp,2.4699999999999944
A,raw,2,1024,9625,G_a2,0.16556051625155388
A,raw,2,1024,9625,accuracy_gain_a2_pp,2.32
A,raw,2,1024,9625,G_a4,-0.009564987155841642
A,raw,2,1024,9625,accuracy_gain_a4_pp,-0.14999999999999458
A,raw,2,2048,9621,P,0.15781208607032893
A,raw,2,2048,9621,accuracy_target_minus_reuse_pp,2.210000000000001
A,raw,2,2048,9621,G_a2,0.15049387691952298
A,raw,2,2048,9621,accuracy_gain_a2_pp,2.32
A,raw,2,2048,9621,G_a4,-0.007318209150805943
A,raw,2,2048,9621,accuracy_gain_a4_pp,0.10999999999999899
A,raw,2,2048,9622,P,0.15280895736583044
A,raw,2,2048,9622,accuracy_target_minus_reuse_pp,2.3800000000000043
A,raw,2,2048,9622,G_a2,0.14201836287674974
A,raw,2,2048,9622,accuracy_gain_a2_pp,2.500000000000002
A,raw,2,2048,9622,G_a4,-0.010790594489080707
A,raw,2,2048,9622,accuracy_gain_a4_pp,0.11999999999999789
A,raw,2,2048,9623,P,0.1359380998986075
A,raw,2,2048,9623,accuracy_target_minus_reuse_pp,2.5600000000000067
A,raw,2,2048,9623,G_a2,0.1820028018577724
A,raw,2,2048,9623,accuracy_gain_a2_pp,2.880000000000005
A,raw,2,2048,9623,G_a4,0.0460647019591649
A,raw,2,2048,9623,accuracy_gain_a4_pp,0.31999999999999806
A,raw,2,2048,9624,P,0.1620589248167119
A,raw,2,2048,9624,accuracy_target_minus_reuse_pp,2.5700000000000056
A,raw,2,2048,9624,G_a2,0.17344336964071272
A,raw,2,2048,9624,accuracy_gain_a2_pp,2.6700000000000057
A,raw,2,2048,9624,G_a4,0.011384444824000806
A,raw,2,2048,9624,accuracy_gain_a4_pp,0.10000000000000009
A,raw,2,2048,9625,P,0.159871783103398
A,raw,2,2048,9625,accuracy_target_minus_reuse_pp,1.4700000000000046
A,raw,2,2048,9625,G_a2,0.1710640720723431
A,raw,2,2048,9625,accuracy_gain_a2_pp,2.210000000000001
A,raw,2,2048,9625,G_a4,0.011192288968945086
A,raw,2,2048,9625,accuracy_gain_a4_pp,0.7399999999999962
A,raw,4,512,9621,P,0.017183192427526306
A,raw,4,512,9621,accuracy_target_minus_reuse_pp,1.2699999999999934
A,raw,4,512,9621,G_a2,-0.026583711363712847
A,raw,4,512,9621,accuracy_gain_a2_pp,-1.849999999999996
A,raw,4,512,9621,G_a4,-0.009400518936186542
A,raw,4,512,9621,accuracy_gain_a4_pp,-0.5800000000000027
A,raw,4,512,9622,P,0.013970326181524495
A,raw,4,512,9622,accuracy_target_minus_reuse_pp,1.8899999999999917
A,raw,4,512,9622,G_a2,-0.049684267755271794
A,raw,4,512,9622,accuracy_gain_a2_pp,-2.3799999999999932
A,raw,4,512,9622,G_a4,-0.0357139415737473
A,raw,4,512,9622,accuracy_gain_a4_pp,-0.49000000000000155
A,raw,4,512,9623,P,0.03298569500477755
A,raw,4,512,9623,accuracy_target_minus_reuse_pp,1.7900000000000027
A,raw,4,512,9623,G_a2,-0.10200775549804098
A,raw,4,512,9623,accuracy_gain_a2_pp,-2.7900000000000036
A,raw,4,512,9623,G_a4,-0.06902206049326343
A,raw,4,512,9623,accuracy_gain_a4_pp,-1.0000000000000009
A,raw,4,512,9624,P,0.02511665169662458
A,raw,4,512,9624,accuracy_target_minus_reuse_pp,1.970000000000005
A,raw,4,512,9624,G_a2,-0.05418090711699919
A,raw,4,512,9624,accuracy_gain_a2_pp,-2.3900000000000032
A,raw,4,512,9624,G_a4,-0.029064255420374607
A,raw,4,512,9624,accuracy_gain_a4_pp,-0.41999999999999815
A,raw,4,512,9625,P,0.014919285063434096
A,raw,4,512,9625,accuracy_target_minus_reuse_pp,1.6400000000000081
A,raw,4,512,9625,G_a2,-0.015346370109391883
A,raw,4,512,9625,accuracy_gain_a2_pp,-1.4900000000000024
A,raw,4,512,9625,G_a4,-0.00042708504595778685
A,raw,4,512,9625,accuracy_gain_a4_pp,0.15000000000000568
A,raw,4,1024,9621,P,-0.0014635587262570304
A,raw,4,1024,9621,accuracy_target_minus_reuse_pp,1.3700000000000045
A,raw,4,1024,9621,G_a2,-0.009991402519808679
A,raw,4,1024,9621,accuracy_gain_a2_pp,-1.6199999999999992
A,raw,4,1024,9621,G_a4,-0.011454961246065709
A,raw,4,1024,9621,accuracy_gain_a4_pp,-0.24999999999999467
A,raw,4,1024,9622,P,0.009513814738486115
A,raw,4,1024,9622,accuracy_target_minus_reuse_pp,2.0099999999999896
A,raw,4,1024,9622,G_a2,-0.03311065317504114
A,raw,4,1024,9622,accuracy_gain_a2_pp,-2.279999999999993
A,raw,4,1024,9622,G_a4,-0.023596838436555023
A,raw,4,1024,9622,accuracy_gain_a4_pp,-0.27000000000000357
A,raw,4,1024,9623,P,0.013179762647336002
A,raw,4,1024,9623,accuracy_target_minus_reuse_pp,1.5900000000000025
A,raw,4,1024,9623,G_a2,-0.005755193775205392
A,raw,4,1024,9623,accuracy_gain_a2_pp,-1.7299999999999982
A,raw,4,1024,9623,G_a4,0.00742456887213061
A,raw,4,1024,9623,accuracy_gain_a4_pp,-0.13999999999999568
A,raw,4,1024,9624,P,0.026344691369577733
A,raw,4,1024,9624,accuracy_target_minus_reuse_pp,1.8799999999999928
A,raw,4,1024,9624,G_a2,-0.012941982715413802
A,raw,4,1024,9624,accuracy_gain_a2_pp,-1.869999999999994
A,raw,4,1024,9624,G_a4,0.01340270865416393
A,raw,4,1024,9624,accuracy_gain_a4_pp,0.009999999999998899
A,raw,4,1024,9625,P,-0.008970075443008652
A,raw,4,1024,9625,accuracy_target_minus_reuse_pp,1.1699999999999933
A,raw,4,1024,9625,G_a2,0.0030621841939806327
A,raw,4,1024,9625,accuracy_gain_a2_pp,-1.3499999999999956
A,raw,4,1024,9625,G_a4,-0.005907891249028019
A,raw,4,1024,9625,accuracy_gain_a4_pp,-0.18000000000000238
A,raw,4,2048,9621,P,-2.1104068541832888e-05
A,raw,4,2048,9621,accuracy_target_minus_reuse_pp,1.1299999999999977
A,raw,4,2048,9621,G_a2,-0.021539390357397492
A,raw,4,2048,9621,accuracy_gain_a2_pp,-1.3499999999999956
A,raw,4,2048,9621,G_a4,-0.021560494425939325
A,raw,4,2048,9621,accuracy_gain_a4_pp,-0.21999999999999797
A,raw,4,2048,9622,P,0.006156685102311821
A,raw,4,2048,9622,accuracy_target_minus_reuse_pp,1.9199999999999995
A,raw,4,2048,9622,G_a2,-0.02945422802951647
A,raw,4,2048,9622,accuracy_gain_a2_pp,-1.9199999999999995
A,raw,4,2048,9622,G_a4,-0.02329754292720465
A,raw,4,2048,9622,accuracy_gain_a4_pp,0.0
A,raw,4,2048,9623,P,0.017731180683017156
A,raw,4,2048,9623,accuracy_target_minus_reuse_pp,1.6700000000000048
A,raw,4,2048,9623,G_a2,0.004731343258381759
A,raw,4,2048,9623,accuracy_gain_a2_pp,-1.1800000000000033
A,raw,4,2048,9623,G_a4,0.022462523941398915
A,raw,4,2048,9623,accuracy_gain_a4_pp,0.49000000000000155
A,raw,4,2048,9624,P,0.000858437683345814
A,raw,4,2048,9624,accuracy_target_minus_reuse_pp,1.3900000000000023
A,raw,4,2048,9624,G_a2,0.0016838709639328542
A,raw,4,2048,9624,accuracy_gain_a2_pp,-1.1800000000000033
A,raw,4,2048,9624,G_a4,0.0025423086472786682
A,raw,4,2048,9624,accuracy_gain_a4_pp,0.20999999999999908
A,raw,4,2048,9625,P,-0.008618696682888505
A,raw,4,2048,9625,accuracy_target_minus_reuse_pp,1.2299999999999978
A,raw,4,2048,9625,G_a2,0.0015966572731849205
A,raw,4,2048,9625,accuracy_gain_a2_pp,-1.0199999999999987
A,raw,4,2048,9625,G_a4,-0.007022039409703584
A,raw,4,2048,9625,accuracy_gain_a4_pp,0.20999999999999908
A,bn,2,512,9621,P,0.15553865621509044
A,bn,2,512,9621,accuracy_target_minus_reuse_pp,1.6400000000000081
A,bn,2,512,9621,G_a2,0.15222402253458278
A,bn,2,512,9621,accuracy_gain_a2_pp,1.750000000000007
A,bn,2,512,9621,G_a4,-0.0033146336805076615
A,bn,2,512,9621,accuracy_gain_a4_pp,0.10999999999999899
A,bn,2,512,9622,P,0.17285567053741535
A,bn,2,512,9622,accuracy_target_minus_reuse_pp,1.9299999999999984
A,bn,2,512,9622,G_a2,0.1474192421917686
A,bn,2,512,9622,accuracy_gain_a2_pp,1.31
A,bn,2,512,9622,G_a4,-0.025436428345646744
A,bn,2,512,9622,accuracy_gain_a4_pp,-0.6199999999999983
A,bn,2,512,9623,P,0.1465781600281364
A,bn,2,512,9623,accuracy_target_minus_reuse_pp,0.8900000000000019
A,bn,2,512,9623,G_a2,0.12678997070651965
A,bn,2,512,9623,accuracy_gain_a2_pp,1.0199999999999987
A,bn,2,512,9623,G_a4,-0.019788189321616745
A,bn,2,512,9623,accuracy_gain_a4_pp,0.12999999999999678
A,bn,2,512,9624,P,0.15436036994992763
A,bn,2,512,9624,accuracy_target_minus_reuse_pp,1.9299999999999984
A,bn,2,512,9624,G_a2,0.1424365829979768
A,bn,2,512,9624,accuracy_gain_a2_pp,2.0100000000000007
A,bn,2,512,9624,G_a4,-0.011923786951950843
A,bn,2,512,9624,accuracy_gain_a4_pp,0.08000000000000229
A,bn,2,512,9625,P,0.15207154537457956
A,bn,2,512,9625,accuracy_target_minus_reuse_pp,1.1500000000000066
A,bn,2,512,9625,G_a2,0.13145743396854948
A,bn,2,512,9625,accuracy_gain_a2_pp,1.0800000000000032
A,bn,2,512,9625,G_a4,-0.02061411140603009
A,bn,2,512,9625,accuracy_gain_a4_pp,-0.07000000000000339
A,bn,2,1024,9621,P,0.15845910856876277
A,bn,2,1024,9621,accuracy_target_minus_reuse_pp,1.21
A,bn,2,1024,9621,G_a2,0.15466893222572975
A,bn,2,1024,9621,accuracy_gain_a2_pp,1.1500000000000066
A,bn,2,1024,9621,G_a4,-0.003790176343033025
A,bn,2,1024,9621,accuracy_gain_a4_pp,-0.05999999999999339
A,bn,2,1024,9622,P,0.16385488483940724
A,bn,2,1024,9622,accuracy_target_minus_reuse_pp,1.5700000000000047
A,bn,2,1024,9622,G_a2,0.15272572194163225
A,bn,2,1024,9622,accuracy_gain_a2_pp,1.6000000000000014
A,bn,2,1024,9622,G_a4,-0.011129162897774991
A,bn,2,1024,9622,accuracy_gain_a4_pp,0.029999999999996696
A,bn,2,1024,9623,P,0.1687295014802599
A,bn,2,1024,9623,accuracy_target_minus_reuse_pp,1.0000000000000009
A,bn,2,1024,9623,G_a2,0.15761671420538326
A,bn,2,1024,9623,accuracy_gain_a2_pp,0.9299999999999975
A,bn,2,1024,9623,G_a4,-0.011112787274876634
A,bn,2,1024,9623,accuracy_gain_a4_pp,-0.07000000000000339
A,bn,2,1024,9624,P,0.16988153277374818
A,bn,2,1024,9624,accuracy_target_minus_reuse_pp,1.739999999999997
A,bn,2,1024,9624,G_a2,0.1663176460365765
A,bn,2,1024,9624,accuracy_gain_a2_pp,2.1299999999999986
A,bn,2,1024,9624,G_a4,-0.003563886737171673
A,bn,2,1024,9624,accuracy_gain_a4_pp,0.39000000000000146
A,bn,2,1024,9625,P,0.16274284143052076
A,bn,2,1024,9625,accuracy_target_minus_reuse_pp,1.0999999999999899
A,bn,2,1024,9625,G_a2,0.16280997558790267
A,bn,2,1024,9625,accuracy_gain_a2_pp,1.4399999999999968
A,bn,2,1024,9625,G_a4,6.713415738190953e-05
A,bn,2,1024,9625,accuracy_gain_a4_pp,0.34000000000000696
A,bn,2,2048,9621,P,0.18240578432730392
A,bn,2,2048,9621,accuracy_target_minus_reuse_pp,2.400000000000002
A,bn,2,2048,9621,G_a2,0.1775247732170857
A,bn,2,2048,9621,accuracy_gain_a2_pp,2.070000000000005
A,bn,2,2048,9621,G_a4,-0.004881011110218214
A,bn,2,2048,9621,accuracy_gain_a4_pp,-0.32999999999999696
A,bn,2,2048,9622,P,0.15638325911567064
A,bn,2,2048,9622,accuracy_target_minus_reuse_pp,2.0199999999999996
A,bn,2,2048,9622,G_a2,0.16609781368833487
A,bn,2,2048,9622,accuracy_gain_a2_pp,2.1600000000000064
A,bn,2,2048,9622,G_a4,0.009714554572664236
A,bn,2,2048,9622,accuracy_gain_a4_pp,0.14000000000000679
A,bn,2,2048,9623,P,0.1589983535771724
A,bn,2,2048,9623,accuracy_target_minus_reuse_pp,0.9700000000000042
A,bn,2,2048,9623,G_a2,0.17006274209124972
A,bn,2,2048,9623,accuracy_gain_a2_pp,1.7900000000000027
A,bn,2,2048,9623,G_a4,0.011064388514077317
A,bn,2,2048,9623,accuracy_gain_a4_pp,0.8199999999999985
A,bn,2,2048,9624,P,0.17526870909597503
A,bn,2,2048,9624,accuracy_target_minus_reuse_pp,1.749999999999996
A,bn,2,2048,9624,G_a2,0.18211690945037406
A,bn,2,2048,9624,accuracy_gain_a2_pp,2.0000000000000018
A,bn,2,2048,9624,G_a4,0.006848200354399037
A,bn,2,2048,9624,accuracy_gain_a4_pp,0.2500000000000058
A,bn,2,2048,9625,P,0.1629970124154121
A,bn,2,2048,9625,accuracy_target_minus_reuse_pp,1.4799999999999924
A,bn,2,2048,9625,G_a2,0.1711751167599811
A,bn,2,2048,9625,accuracy_gain_a2_pp,1.6299999999999981
A,bn,2,2048,9625,G_a4,0.008178104344569004
A,bn,2,2048,9625,accuracy_gain_a4_pp,0.15000000000000568
A,bn,4,512,9621,P,-0.033838409707898975
A,bn,4,512,9621,accuracy_target_minus_reuse_pp,0.21999999999999797
A,bn,4,512,9621,G_a2,0.037736511504574466
A,bn,4,512,9621,accuracy_gain_a2_pp,-0.20999999999999908
A,bn,4,512,9621,G_a4,0.0038981017966754905
A,bn,4,512,9621,accuracy_gain_a4_pp,0.009999999999998899
A,bn,4,512,9622,P,-0.03201682780548576
A,bn,4,512,9622,accuracy_target_minus_reuse_pp,0.6799999999999917
A,bn,4,512,9622,G_a2,0.027283369113743516
A,bn,4,512,9622,accuracy_gain_a2_pp,-0.33999999999999586
A,bn,4,512,9622,G_a4,-0.004733458691742243
A,bn,4,512,9622,accuracy_gain_a4_pp,0.33999999999999586
A,bn,4,512,9623,P,-0.03754406444146885
A,bn,4,512,9623,accuracy_target_minus_reuse_pp,0.41999999999999815
A,bn,4,512,9623,G_a2,0.02750535837404322
A,bn,4,512,9623,accuracy_gain_a2_pp,-0.41999999999999815
A,bn,4,512,9623,G_a4,-0.010038706067425629
A,bn,4,512,9623,accuracy_gain_a4_pp,0.0
A,bn,4,512,9624,P,-0.030973012650740595
A,bn,4,512,9624,accuracy_target_minus_reuse_pp,0.5700000000000038
A,bn,4,512,9624,G_a2,0.029956874575099324
A,bn,4,512,9624,accuracy_gain_a2_pp,-0.37000000000000366
A,bn,4,512,9624,G_a4,-0.0010161380756412708
A,bn,4,512,9624,accuracy_gain_a4_pp,0.20000000000000018
A,bn,4,512,9625,P,-0.036344367863319293
A,bn,4,512,9625,accuracy_target_minus_reuse_pp,0.9800000000000031
A,bn,4,512,9625,G_a2,0.028531445176166015
A,bn,4,512,9625,accuracy_gain_a2_pp,-0.7099999999999995
A,bn,4,512,9625,G_a4,-0.007812922687153279
A,bn,4,512,9625,accuracy_gain_a4_pp,0.27000000000000357
A,bn,4,1024,9621,P,-0.030496877759904617
A,bn,4,1024,9621,accuracy_target_minus_reuse_pp,0.5499999999999949
A,bn,4,1024,9621,G_a2,0.03277649724234366
A,bn,4,1024,9621,accuracy_gain_a2_pp,-0.5499999999999949
A,bn,4,1024,9621,G_a4,0.0022796194824390437
A,bn,4,1024,9621,accuracy_gain_a4_pp,0.0
A,bn,4,1024,9622,P,-0.02390193518755268
A,bn,4,1024,9622,accuracy_target_minus_reuse_pp,0.6399999999999961
A,bn,4,1024,9622,G_a2,0.024393507624592248
A,bn,4,1024,9622,accuracy_gain_a2_pp,-0.21999999999999797
A,bn,4,1024,9622,G_a4,0.0004915724370395669
A,bn,4,1024,9622,accuracy_gain_a4_pp,0.41999999999999815
A,bn,4,1024,9623,P,-0.029639472054399096
A,bn,4,1024,9623,accuracy_target_minus_reuse_pp,0.7800000000000029
A,bn,4,1024,9623,G_a2,0.033459377221472186
A,bn,4,1024,9623,accuracy_gain_a2_pp,-0.42999999999999705
A,bn,4,1024,9623,G_a4,0.00381990516707309
A,bn,4,1024,9623,accuracy_gain_a4_pp,0.35000000000000586
A,bn,4,1024,9624,P,-0.02263332385330874
A,bn,4,1024,9624,accuracy_target_minus_reuse_pp,0.5899999999999905
A,bn,4,1024,9624,G_a2,0.03203922078950283
A,bn,4,1024,9624,accuracy_gain_a2_pp,-0.44999999999999485
A,bn,4,1024,9624,G_a4,0.009405896936194091
A,bn,4,1024,9624,accuracy_gain_a4_pp,0.13999999999999568
A,bn,4,1024,9625,P,-0.027468348717643032
A,bn,4,1024,9625,accuracy_target_minus_reuse_pp,0.7499999999999951
A,bn,4,1024,9625,G_a2,0.03052234345565097
A,bn,4,1024,9625,accuracy_gain_a2_pp,-0.539999999999996
A,bn,4,1024,9625,G_a4,0.003053994738007937
A,bn,4,1024,9625,accuracy_gain_a4_pp,0.20999999999999908
A,bn,4,2048,9621,P,-0.021045894006360255
A,bn,4,2048,9621,accuracy_target_minus_reuse_pp,1.2900000000000023
A,bn,4,2048,9621,G_a2,0.024751221531967182
A,bn,4,2048,9621,accuracy_gain_a2_pp,-0.6700000000000039
A,bn,4,2048,9621,G_a4,0.0037053275256069274
A,bn,4,2048,9621,accuracy_gain_a4_pp,0.6199999999999983
A,bn,4,2048,9622,P,-0.011484055432607443
A,bn,4,2048,9622,accuracy_target_minus_reuse_pp,0.5599999999999938
A,bn,4,2048,9622,G_a2,0.025643290135101582
A,bn,4,2048,9622,accuracy_gain_a2_pp,-0.14999999999999458
A,bn,4,2048,9622,G_a4,0.014159234702494139
A,bn,4,2048,9622,accuracy_gain_a4_pp,0.40999999999999925
A,bn,4,2048,9623,P,-0.01929511973311615
A,bn,4,2048,9623,accuracy_target_minus_reuse_pp,0.30999999999999917
A,bn,4,2048,9623,G_a2,0.029691696753198826
A,bn,4,2048,9623,accuracy_gain_a2_pp,0.11999999999999789
A,bn,4,2048,9623,G_a4,0.010396577020082676
A,bn,4,2048,9623,accuracy_gain_a4_pp,0.42999999999999705
A,bn,4,2048,9624,P,-0.013984213474221185
A,bn,4,2048,9624,accuracy_target_minus_reuse_pp,0.9600000000000053
A,bn,4,2048,9624,G_a2,0.03243344552213401
A,bn,4,2048,9624,accuracy_gain_a2_pp,-0.30999999999999917
A,bn,4,2048,9624,G_a4,0.018449232047912822
A,bn,4,2048,9624,accuracy_gain_a4_pp,0.6500000000000061
A,bn,4,2048,9625,P,-0.014395639088394807
A,bn,4,2048,9625,accuracy_target_minus_reuse_pp,0.7100000000000106
A,bn,4,2048,9625,G_a2,0.026462645698053677
A,bn,4,2048,9625,accuracy_gain_a2_pp,-0.36000000000000476
A,bn,4,2048,9625,G_a4,0.01206700660965887
A,bn,4,2048,9625,accuracy_gain_a4_pp,0.35000000000000586
B,raw,2,512,9721,P,0.1339837861547013
B,raw,2,512,9721,accuracy_target_minus_reuse_pp,1.7199999999999993
B,raw,2,512,9721,G_a2,0.1161627135650487
B,raw,2,512,9721,accuracy_gain_a2_pp,1.980000000000004
B,raw,2,512,9721,G_a4,-0.017821072589652598
B,raw,2,512,9721,accuracy_gain_a4_pp,0.26000000000000467
B,raw,2,512,9722,P,0.12385657860829968
B,raw,2,512,9722,accuracy_target_minus_reuse_pp,1.5000000000000013
B,raw,2,512,9722,G_a2,0.09785264386979398
B,raw,2,512,9722,accuracy_gain_a2_pp,1.4200000000000101
B,raw,2,512,9722,G_a4,-0.026003934738505707
B,raw,2,512,9722,accuracy_gain_a4_pp,-0.07999999999999119
B,raw,2,512,9723,P,0.11097024298966862
B,raw,2,512,9723,accuracy_target_minus_reuse_pp,1.2199999999999989
B,raw,2,512,9723,G_a2,0.06492884889571005
B,raw,2,512,9723,accuracy_gain_a2_pp,0.8099999999999996
B,raw,2,512,9723,G_a4,-0.046041394093958576
B,raw,2,512,9723,accuracy_gain_a4_pp,-0.40999999999999925
B,raw,2,1024,9721,P,0.1377243541282136
B,raw,2,1024,9721,accuracy_target_minus_reuse_pp,1.6199999999999992
B,raw,2,1024,9721,G_a2,0.10292718629837028
B,raw,2,1024,9721,accuracy_gain_a2_pp,1.7800000000000038
B,raw,2,1024,9721,G_a4,-0.03479716782984332
B,raw,2,1024,9721,accuracy_gain_a4_pp,0.16000000000000458
B,raw,2,1024,9722,P,0.14481895475874196
B,raw,2,1024,9722,accuracy_target_minus_reuse_pp,1.859999999999995
B,raw,2,1024,9722,G_a2,0.09535256906624423
B,raw,2,1024,9722,accuracy_gain_a2_pp,1.5900000000000025
B,raw,2,1024,9722,G_a4,-0.04946638569249773
B,raw,2,1024,9722,accuracy_gain_a4_pp,-0.26999999999999247
B,raw,2,1024,9723,P,0.1239799571090845
B,raw,2,1024,9723,accuracy_target_minus_reuse_pp,1.200000000000001
B,raw,2,1024,9723,G_a2,0.12376352504892285
B,raw,2,1024,9723,accuracy_gain_a2_pp,1.8500000000000072
B,raw,2,1024,9723,G_a4,-0.00021643206016164207
B,raw,2,1024,9723,accuracy_gain_a4_pp,0.6500000000000061
B,raw,2,2048,9721,P,0.14476079792666718
B,raw,2,2048,9721,accuracy_target_minus_reuse_pp,2.070000000000005
B,raw,2,2048,9721,G_a2,0.14193902473531206
B,raw,2,2048,9721,accuracy_gain_a2_pp,2.440000000000009
B,raw,2,2048,9721,G_a4,-0.002821773191355126
B,raw,2,2048,9721,accuracy_gain_a4_pp,0.37000000000000366
B,raw,2,2048,9722,P,0.13231153851028066
B,raw,2,2048,9722,accuracy_target_minus_reuse_pp,1.6800000000000037
B,raw,2,2048,9722,G_a2,0.11625329284702901
B,raw,2,2048,9722,accuracy_gain_a2_pp,2.1300000000000097
B,raw,2,2048,9722,G_a4,-0.016058245663251647
B,raw,2,2048,9722,accuracy_gain_a4_pp,0.45000000000000595
B,raw,2,2048,9723,P,0.11853353013537138
B,raw,2,2048,9723,accuracy_target_minus_reuse_pp,2.089999999999992
B,raw,2,2048,9723,G_a2,0.09399800203145725
B,raw,2,2048,9723,accuracy_gain_a2_pp,2.0100000000000007
B,raw,2,2048,9723,G_a4,-0.024535528103914128
B,raw,2,2048,9723,accuracy_gain_a4_pp,-0.07999999999999119
B,raw,4,512,9721,P,-0.0033008602739019732
B,raw,4,512,9721,accuracy_target_minus_reuse_pp,1.4999999999999902
B,raw,4,512,9721,G_a2,-0.00988733497697969
B,raw,4,512,9721,accuracy_gain_a2_pp,-1.089999999999991
B,raw,4,512,9721,G_a4,-0.013188195250881662
B,raw,4,512,9721,accuracy_gain_a4_pp,0.40999999999999925
B,raw,4,512,9722,P,0.013865110291808369
B,raw,4,512,9722,accuracy_target_minus_reuse_pp,1.9100000000000006
B,raw,4,512,9722,G_a2,-0.04585197894609294
B,raw,4,512,9722,accuracy_gain_a2_pp,-1.6100000000000003
B,raw,4,512,9722,G_a4,-0.03198686865428457
B,raw,4,512,9722,accuracy_gain_a4_pp,0.30000000000000027
B,raw,4,512,9723,P,0.030780163635383273
B,raw,4,512,9723,accuracy_target_minus_reuse_pp,1.849999999999996
B,raw,4,512,9723,G_a2,-0.09255019431689271
B,raw,4,512,9723,accuracy_gain_a2_pp,-2.5499999999999967
B,raw,4,512,9723,G_a4,-0.061770030681509436
B,raw,4,512,9723,accuracy_gain_a4_pp,-0.7000000000000006
B,raw,4,1024,9721,P,0.00952456267009838
B,raw,4,1024,9721,accuracy_target_minus_reuse_pp,1.6700000000000048
B,raw,4,1024,9721,G_a2,-0.04674814451741405
B,raw,4,1024,9721,accuracy_gain_a2_pp,-1.4499999999999957
B,raw,4,1024,9721,G_a4,-0.03722358184731567
B,raw,4,1024,9721,accuracy_gain_a4_pp,0.22000000000000908
B,raw,4,1024,9722,P,0.003137362440582381
B,raw,4,1024,9722,accuracy_target_minus_reuse_pp,1.5700000000000047
B,raw,4,1024,9722,G_a2,-0.04582649089522883
B,raw,4,1024,9722,accuracy_gain_a2_pp,-1.7299999999999982
B,raw,4,1024,9722,G_a4,-0.04268912845464645
B,raw,4,1024,9722,accuracy_gain_a4_pp,-0.15999999999999348
B,raw,4,1024,9723,P,0.009784708108229179
B,raw,4,1024,9723,accuracy_target_minus_reuse_pp,0.8499999999999952
B,raw,4,1024,9723,G_a2,-0.026891059505031345
B,raw,4,1024,9723,accuracy_gain_a2_pp,-1.2499999999999956
B,raw,4,1024,9723,G_a4,-0.017106351396802166
B,raw,4,1024,9723,accuracy_gain_a4_pp,-0.40000000000000036
B,raw,4,2048,9721,P,-0.00018134847800843623
B,raw,4,2048,9721,accuracy_target_minus_reuse_pp,1.3699999999999934
B,raw,4,2048,9721,G_a2,-0.0030821245863508206
B,raw,4,2048,9721,accuracy_gain_a2_pp,-0.5799999999999916
B,raw,4,2048,9721,G_a4,-0.003263473064359257
B,raw,4,2048,9721,accuracy_gain_a4_pp,0.7900000000000018
B,raw,4,2048,9722,P,0.012017790455720379
B,raw,4,2048,9722,accuracy_target_minus_reuse_pp,1.1499999999999955
B,raw,4,2048,9722,G_a2,-0.03965519673074591
B,raw,4,2048,9722,accuracy_gain_a2_pp,-1.189999999999991
B,raw,4,2048,9722,G_a4,-0.027637406275025533
B,raw,4,2048,9722,accuracy_gain_a4_pp,-0.039999999999995595
B,raw,4,2048,9723,P,0.023491180107288567
B,raw,4,2048,9723,accuracy_target_minus_reuse_pp,1.7100000000000004
B,raw,4,2048,9723,G_a2,-0.06290828764081224
B,raw,4,2048,9723,accuracy_gain_a2_pp,-1.8000000000000016
B,raw,4,2048,9723,G_a4,-0.039417107533523676
B,raw,4,2048,9723,accuracy_gain_a4_pp,-0.09000000000000119
B,bn,2,512,9721,P,0.15640961137860998
B,bn,2,512,9721,accuracy_target_minus_reuse_pp,1.3899999999999912
B,bn,2,512,9721,G_a2,0.14648426016424776
B,bn,2,512,9721,accuracy_gain_a2_pp,1.3899999999999912
B,bn,2,512,9721,G_a4,-0.009925351214362221
B,bn,2,512,9721,accuracy_gain_a4_pp,0.0
B,bn,2,512,9722,P,0.1524880744442927
B,bn,2,512,9722,accuracy_target_minus_reuse_pp,1.0000000000000009
B,bn,2,512,9722,G_a2,0.1359231729221182
B,bn,2,512,9722,accuracy_gain_a2_pp,1.1799999999999922
B,bn,2,512,9722,G_a4,-0.01656490152217449
B,bn,2,512,9722,accuracy_gain_a4_pp,0.17999999999999128
B,bn,2,512,9723,P,0.1642377204620744
B,bn,2,512,9723,accuracy_target_minus_reuse_pp,1.3900000000000023
B,bn,2,512,9723,G_a2,0.1453546874444931
B,bn,2,512,9723,accuracy_gain_a2_pp,1.6599999999999948
B,bn,2,512,9723,G_a4,-0.01888303301758132
B,bn,2,512,9723,accuracy_gain_a4_pp,0.26999999999999247
B,bn,2,1024,9721,P,0.17476752877077106
B,bn,2,1024,9721,accuracy_target_minus_reuse_pp,1.1299999999999977
B,bn,2,1024,9721,G_a2,0.15303484346983032
B,bn,2,1024,9721,accuracy_gain_a2_pp,1.6599999999999948
B,bn,2,1024,9721,G_a4,-0.021732685300940746
B,bn,2,1024,9721,accuracy_gain_a4_pp,0.5299999999999971
B,bn,2,1024,9722,P,0.1646557802540367
B,bn,2,1024,9722,accuracy_target_minus_reuse_pp,1.1299999999999977
B,bn,2,1024,9722,G_a2,0.15114382823702188
B,bn,2,1024,9722,accuracy_gain_a2_pp,1.7799999999999927
B,bn,2,1024,9722,G_a4,-0.013511952017014828
B,bn,2,1024,9722,accuracy_gain_a4_pp,0.649999999999995
B,bn,2,1024,9723,P,0.1678842015335802
B,bn,2,1024,9723,accuracy_target_minus_reuse_pp,1.9000000000000017
B,bn,2,1024,9723,G_a2,0.15415158733045686
B,bn,2,1024,9723,accuracy_gain_a2_pp,1.8299999999999983
B,bn,2,1024,9723,G_a4,-0.013732614203123328
B,bn,2,1024,9723,accuracy_gain_a4_pp,-0.07000000000000339
B,bn,2,2048,9721,P,0.16098247231364948
B,bn,2,2048,9721,accuracy_target_minus_reuse_pp,1.3600000000000056
B,bn,2,2048,9721,G_a2,0.15293225358783968
B,bn,2,2048,9721,accuracy_gain_a2_pp,1.8399999999999972
B,bn,2,2048,9721,G_a4,-0.008050218725809799
B,bn,2,2048,9721,accuracy_gain_a4_pp,0.47999999999999154
B,bn,2,2048,9722,P,0.16011807898341202
B,bn,2,2048,9722,accuracy_target_minus_reuse_pp,1.7299999999999982
B,bn,2,2048,9722,G_a2,0.1606003702312475
B,bn,2,2048,9722,accuracy_gain_a2_pp,2.169999999999994
B,bn,2,2048,9722,G_a4,0.0004822912478354979
B,bn,2,2048,9722,accuracy_gain_a4_pp,0.43999999999999595
B,bn,2,2048,9723,P,0.16180152489496402
B,bn,2,2048,9723,accuracy_target_minus_reuse_pp,1.650000000000007
B,bn,2,2048,9723,G_a2,0.16395801942995747
B,bn,2,2048,9723,accuracy_gain_a2_pp,1.9299999999999984
B,bn,2,2048,9723,G_a4,0.0021564945349934472
B,bn,2,2048,9723,accuracy_gain_a4_pp,0.27999999999999137
B,bn,4,512,9721,P,-0.024865429895615687
B,bn,4,512,9721,accuracy_target_minus_reuse_pp,0.9399999999999964
B,bn,4,512,9721,G_a2,0.02239997547313677
B,bn,4,512,9721,accuracy_gain_a2_pp,-0.8299999999999974
B,bn,4,512,9721,G_a4,-0.0024654544224789188
B,bn,4,512,9721,accuracy_gain_a4_pp,0.10999999999999899
B,bn,4,512,9722,P,-0.020358549157244887
B,bn,4,512,9722,accuracy_target_minus_reuse_pp,0.8799999999999919
B,bn,4,512,9722,G_a2,0.01580097744542286
B,bn,4,512,9722,accuracy_gain_a2_pp,-1.1699999999999933
B,bn,4,512,9722,G_a4,-0.004557571711822028
B,bn,4,512,9722,accuracy_gain_a4_pp,-0.29000000000000137
B,bn,4,512,9723,P,-0.02718741331960195
B,bn,4,512,9723,accuracy_target_minus_reuse_pp,0.6000000000000005
B,bn,4,512,9723,G_a2,0.021383782452961908
B,bn,4,512,9723,accuracy_gain_a2_pp,-0.539999999999996
B,bn,4,512,9723,G_a4,-0.005803630866640042
B,bn,4,512,9723,accuracy_gain_a4_pp,0.060000000000004494
B,bn,4,1024,9721,P,-0.014972732487018137
B,bn,4,1024,9721,accuracy_target_minus_reuse_pp,1.2399999999999967
B,bn,4,1024,9721,G_a2,0.012548942367843097
B,bn,4,1024,9721,accuracy_gain_a2_pp,-1.0399999999999965
B,bn,4,1024,9721,G_a4,-0.00242379011917504
B,bn,4,1024,9721,accuracy_gain_a4_pp,0.20000000000000018
B,bn,4,1024,9722,P,-0.016796982032130536
B,bn,4,1024,9722,accuracy_target_minus_reuse_pp,0.7199999999999984
B,bn,4,1024,9722,G_a2,0.016830904516909495
B,bn,4,1024,9722,accuracy_gain_a2_pp,-0.6699999999999928
B,bn,4,1024,9722,G_a4,3.392248477895876e-05
B,bn,4,1024,9722,accuracy_gain_a4_pp,0.050000000000005596
B,bn,4,1024,9723,P,-0.015195462753431643
B,bn,4,1024,9723,accuracy_target_minus_reuse_pp,0.6000000000000005
B,bn,4,1024,9723,G_a2,0.018771393386821655
B,bn,4,1024,9723,accuracy_gain_a2_pp,-0.39000000000000146
B,bn,4,1024,9723,G_a4,0.003575930633390012
B,bn,4,1024,9723,accuracy_gain_a4_pp,0.20999999999999908
B,bn,4,2048,9721,P,0.00209035628579457
B,bn,4,2048,9721,accuracy_target_minus_reuse_pp,1.2600000000000056
B,bn,4,2048,9721,G_a2,0.005070763741899187
B,bn,4,2048,9721,accuracy_gain_a2_pp,-0.7000000000000006
B,bn,4,2048,9721,G_a4,0.007161120027693757
B,bn,4,2048,9721,accuracy_gain_a4_pp,0.5600000000000049
B,bn,4,2048,9722,P,-0.0020839353434567442
B,bn,4,2048,9722,accuracy_target_minus_reuse_pp,1.090000000000002
B,bn,4,2048,9722,G_a2,0.007345824973448156
B,bn,4,2048,9722,accuracy_gain_a2_pp,-0.759999999999994
B,bn,4,2048,9722,G_a4,0.005261889629991412
B,bn,4,2048,9722,accuracy_gain_a4_pp,0.33000000000000806
B,bn,4,2048,9723,P,-0.0019592879973526767
B,bn,4,2048,9723,accuracy_target_minus_reuse_pp,1.0399999999999965
B,bn,4,2048,9723,G_a2,0.009122464751370796
B,bn,4,2048,9723,accuracy_gain_a2_pp,-0.8399999999999963
B,bn,4,2048,9723,G_a4,0.007163176754018119
B,bn,4,2048,9723,accuracy_gain_a4_pp,0.20000000000000018
