id,mean_ce_change,max_item_loss_change,prediction_changes,targets_and_labels_equal
legacy_language_initial_e2_raw_eager,-0.0001988425299983554,14.407367706298828,2091,True
legacy_language_initial_e4_raw_eager,0.0005292403205876539,9.001020431518555,2639,True
legacy_language_s8621_K512_a2_e2_raw_eager,0.0009823837249798295,10.860176086425781,1773,True
legacy_language_s8621_K512_a2_e4_raw_eager,0.0011914442242892953,7.301273345947266,2407,True
legacy_language_s8621_K512_a4_e2_raw_eager,-0.000655346585318739,12.198627471923828,1970,True
legacy_language_s8621_K512_a4_e4_raw_eager,-0.0014491074531610693,6.548824310302734,2421,True
legacy_language_s8622_K512_a2_e2_raw_eager,-0.000693370087964329,9.527555465698242,1958,True
legacy_language_s8622_K512_a2_e4_raw_eager,-0.0013942139740010795,5.727764129638672,2424,True
legacy_language_s8622_K512_a4_e2_raw_eager,-0.0019260475238382924,9.9901123046875,1919,True
legacy_language_s8622_K512_a4_e4_raw_eager,0.0004949619005198969,7.379129409790039,2913,True
legacy_language_s8623_K512_a2_e2_raw_eager,0.0009263391516856068,9.727203369140625,1772,True
legacy_language_s8623_K512_a2_e4_raw_eager,-0.0015947850338462466,6.080913543701172,2429,True
legacy_language_s8623_K512_a4_e2_raw_eager,0.004802465553201518,9.486351013183594,2012,True
legacy_language_s8623_K512_a4_e4_raw_eager,0.003254566141192683,7.6668243408203125,2380,True
legacy_language_s8621_K4096_a2_e2_raw_eager,-0.0018506245756233497,7.800636291503906,1687,True
legacy_language_s8621_K4096_a2_e4_raw_eager,0.0006895998156148941,6.5811767578125,2250,True
legacy_language_s8621_K4096_a4_e2_raw_eager,-1.3153431023482653e-05,9.367942810058594,1763,True
legacy_language_s8621_K4096_a4_e4_raw_eager,0.000931328704552925,5.602836608886719,2173,True
legacy_language_s8622_K4096_a2_e2_raw_eager,-0.00012239503680788744,8.740017890930176,1658,True
legacy_language_s8622_K4096_a2_e4_raw_eager,0.0013903567344750734,5.654109954833984,2346,True
legacy_language_s8622_K4096_a4_e2_raw_eager,0.0018973435548428341,9.012531280517578,1810,True
legacy_language_s8622_K4096_a4_e4_raw_eager,-0.0010280466896221974,8.009441375732422,2237,True
legacy_language_s8623_K4096_a2_e2_raw_eager,-0.0026324778869328824,7.423118591308594,1735,True
legacy_language_s8623_K4096_a2_e4_raw_eager,-0.001009316950777439,6.690128326416016,2353,True
legacy_language_s8623_K4096_a4_e2_raw_eager,-0.0002534348195850633,13.046674728393555,1806,True
legacy_language_s8623_K4096_a4_e4_raw_eager,0.0005049767615088463,6.548198699951172,2211,True
legacy_language_s8621_K4096_a2_e2_raw_graph,-0.0018506245756233497,7.800636291503906,1687,True
legacy_language_s8621_K4096_a4_e4_raw_graph,0.000931328704552925,5.602836608886719,2173,True
legacy_language_s8622_K4096_a2_e2_raw_graph,-0.00012239503680788744,8.740017890930176,1658,True
legacy_language_s8622_K4096_a4_e4_raw_graph,-0.0010280466896221974,8.009441375732422,2237,True
legacy_language_s8623_K4096_a2_e2_raw_graph,-0.0026324778869328824,7.423118591308594,1735,True
legacy_language_s8623_K4096_a4_e4_raw_graph,0.0005049767615088463,6.548198699951172,2211,True
legacy_vision_initial_e2_raw_eager,-0.00016826834641392452,1.252967357635498,26,True
legacy_vision_initial_e4_raw_eager,0.00020137110129003766,0.567620038986206,10,True
legacy_vision_s9621_K512_a2_e2_raw_eager,1.7972692847312288e-06,1.2689023613929749,26,True
legacy_vision_s9621_K512_a2_e4_raw_eager,-0.0002808846970088208,0.6673179864883423,7,True
legacy_vision_s9621_K512_a4_e2_raw_eager,-0.0006610732963310273,0.9959518909454346,37,True
legacy_vision_s9621_K512_a4_e4_raw_eager,0.00011240430716430438,0.7510061264038086,7,True
legacy_vision_s9622_K512_a2_e2_raw_eager,-0.00026323535107075635,1.2869491577148438,27,True
legacy_vision_s9622_K512_a2_e4_raw_eager,0.00022517850361758462,0.7170445919036865,8,True
legacy_vision_s9622_K512_a4_e2_raw_eager,0.00011743918620044091,0.9062480926513672,20,True
legacy_vision_s9622_K512_a4_e4_raw_eager,-3.5664674826074716e-05,0.736958384513855,11,True
legacy_vision_s9623_K512_a2_e2_raw_eager,0.00036920096557579996,1.1052169799804688,22,True
legacy_vision_s9623_K512_a2_e4_raw_eager,0.0001400893660727931,0.8942108154296875,8,True
legacy_vision_s9623_K512_a4_e2_raw_eager,-0.00023095205724232848,0.9865829944610596,32,True
legacy_vision_s9623_K512_a4_e4_raw_eager,0.00019572580158722097,0.5677211284637451,13,True
legacy_vision_s9624_K512_a2_e2_raw_eager,0.0002721895873547542,1.1586954593658447,26,True
legacy_vision_s9624_K512_a2_e4_raw_eager,-0.00019089701175678542,0.7782607078552246,8,True
legacy_vision_s9624_K512_a4_e2_raw_eager,-0.0004510485272855025,0.7870849370956421,23,True
legacy_vision_s9624_K512_a4_e4_raw_eager,0.000277969093248176,0.768805742263794,5,True
legacy_vision_s9625_K512_a2_e2_raw_eager,0.0002412734253331994,0.8784918785095215,23,True
legacy_vision_s9625_K512_a2_e4_raw_eager,-0.00025585491554824813,0.7780115604400635,10,True
legacy_vision_s9625_K512_a4_e2_raw_eager,-0.00023837597444664738,1.5369634628295898,28,True
legacy_vision_s9625_K512_a4_e4_raw_eager,5.49442596733396e-05,1.0351626873016357,9,True
legacy_vision_s9621_K2048_a2_e2_raw_eager,-0.00013330805925648725,1.3534046411514282,21,True
legacy_vision_s9621_K2048_a2_e4_raw_eager,-0.00015026420792563222,0.9346966743469238,11,True
legacy_vision_s9621_K2048_a4_e2_raw_eager,0.0007678221612237301,0.714144229888916,23,True
legacy_vision_s9621_K2048_a4_e4_raw_eager,3.937691897148987e-05,0.6718710660934448,10,True
legacy_vision_s9622_K2048_a2_e2_raw_eager,9.111702069630745e-05,0.9943046569824219,31,True
legacy_vision_s9622_K2048_a2_e4_raw_eager,-0.00014435394629841447,0.7031965255737305,6,True
legacy_vision_s9622_K2048_a4_e2_raw_eager,-0.000640501462854326,1.1149280071258545,25,True
legacy_vision_s9622_K2048_a4_e4_raw_eager,-0.00012360761119056818,1.6171000003814697,7,True
legacy_vision_s9623_K2048_a2_e2_raw_eager,3.4782328641735916e-06,1.4099026918411255,27,True
legacy_vision_s9623_K2048_a2_e4_raw_eager,8.97367648780012e-05,1.1131608486175537,8,True
legacy_vision_s9623_K2048_a4_e2_raw_eager,-0.00024099175073222234,1.5752143859863281,29,True
legacy_vision_s9623_K2048_a4_e4_raw_eager,-3.7819741852684885e-05,0.4711923599243164,9,True
legacy_vision_s9624_K2048_a2_e2_raw_eager,-0.00038639040142296466,1.1326818466186523,21,True
legacy_vision_s9624_K2048_a2_e4_raw_eager,-0.00014696765858679406,0.6039304733276367,7,True
legacy_vision_s9624_K2048_a4_e2_raw_eager,-0.00035657777227449117,0.8481011390686035,27,True
legacy_vision_s9624_K2048_a4_e4_raw_eager,0.00015484024854361955,0.5060477256774902,9,True
legacy_vision_s9625_K2048_a2_e2_raw_eager,0.00012390734180822705,1.1320624351501465,24,True
legacy_vision_s9625_K2048_a2_e4_raw_eager,-0.0003275121101644629,0.7553508281707764,6,True
legacy_vision_s9625_K2048_a4_e2_raw_eager,-0.0004036569554357605,1.295931339263916,26,True
legacy_vision_s9625_K2048_a4_e4_raw_eager,-9.023819379505582e-05,0.70310378074646,15,True
legacy_vision_initial_e2_bn_only_eager,0.002349731987016268,1.9320738315582275,1569,True
legacy_vision_initial_e4_bn_only_eager,0.0033363747929455734,1.3310925960540771,928,True
legacy_vision_s9621_K512_a2_e2_bn_only_eager,-0.0018628095542720935,2.659803032875061,1486,True
legacy_vision_s9621_K512_a2_e4_bn_only_eager,-0.0025784568159812338,1.2683353424072266,909,True
legacy_vision_s9621_K512_a4_e2_bn_only_eager,-0.0017678764406590108,1.655747413635254,1582,True
legacy_vision_s9621_K512_a4_e4_bn_only_eager,0.0002709232351043589,1.5462164878845215,988,True
legacy_vision_s9622_K512_a2_e2_bn_only_eager,-0.0026251912467647465,2.366182327270508,1388,True
legacy_vision_s9622_K512_a2_e4_bn_only_eager,0.002488925769104311,1.5419459342956543,916,True
legacy_vision_s9622_K512_a4_e2_bn_only_eager,-3.6330724344724175e-05,1.6409356594085693,1550,True
legacy_vision_s9622_K512_a4_e4_bn_only_eager,0.0023846159789711052,1.445505142211914,931,True
legacy_vision_s9623_K512_a2_e2_bn_only_eager,0.002247371667809972,2.164524793624878,1465,True
legacy_vision_s9623_K512_a2_e4_bn_only_eager,0.0014230950073861326,1.505777359008789,924,True
legacy_vision_s9623_K512_a4_e2_bn_only_eager,-0.0008212237234692665,1.8603086471557617,1545,True
legacy_vision_s9623_K512_a4_e4_bn_only_eager,-0.0003051735212562523,1.1750295162200928,929,True
legacy_vision_s9624_K512_a2_e2_bn_only_eager,-0.0012833335095667753,2.106839179992676,1423,True
legacy_vision_s9624_K512_a2_e4_bn_only_eager,1.7141414654808784e-05,1.6063261032104492,926,True
legacy_vision_s9624_K512_a4_e2_bn_only_eager,0.0019820630709406206,1.639419674873352,1556,True
legacy_vision_s9624_K512_a4_e4_bn_only_eager,-0.000257902415120137,1.9320913553237915,948,True
legacy_vision_s9625_K512_a2_e2_bn_only_eager,0.005854514443781156,1.7478172779083252,1453,True
legacy_vision_s9625_K512_a2_e4_bn_only_eager,-0.0006546861420588801,1.2967114448547363,967,True
legacy_vision_s9625_K512_a4_e2_bn_only_eager,-0.0016727617615834856,1.6790614128112793,1561,True
legacy_vision_s9625_K512_a4_e4_bn_only_eager,0.0016470080331316694,1.3522305488586426,901,True
legacy_vision_s9621_K2048_a2_e2_bn_only_eager,-0.0014569709338947412,1.5949478149414062,1358,True
legacy_vision_s9621_K2048_a2_e4_bn_only_eager,-0.0016070742501266277,1.3565856218338013,896,True
legacy_vision_s9621_K2048_a4_e2_bn_only_eager,-0.0018381618974963043,1.951819658279419,1609,True
legacy_vision_s9621_K2048_a4_e4_bn_only_eager,-0.0015463968946132223,1.4202425479888916,947,True
legacy_vision_s9622_K2048_a2_e2_bn_only_eager,0.0014211721306898184,1.590364933013916,1421,True
legacy_vision_s9622_K2048_a2_e4_bn_only_eager,0.00028383722609715,1.4172325134277344,929,True
legacy_vision_s9622_K2048_a4_e2_bn_only_eager,0.0005829107564407909,1.7010831832885742,1568,True
legacy_vision_s9622_K2048_a4_e4_bn_only_eager,-0.0007045210082317066,1.2844576835632324,924,True
legacy_vision_s9623_K2048_a2_e2_bn_only_eager,-0.0035265637489152457,1.8710728883743286,1420,True
legacy_vision_s9623_K2048_a2_e4_bn_only_eager,-0.0023591451642293038,1.2459044456481934,926,True
legacy_vision_s9623_K2048_a4_e2_bn_only_eager,-0.007049475207808298,1.9440386295318604,1668,True
legacy_vision_s9623_K2048_a4_e4_bn_only_eager,0.0028093825548654028,1.2850866317749023,917,True
legacy_vision_s9624_K2048_a2_e2_bn_only_eager,0.0020959857537758975,2.1614341735839844,1314,True
legacy_vision_s9624_K2048_a2_e4_bn_only_eager,0.0018215509178522993,1.5957227945327759,879,True
legacy_vision_s9624_K2048_a4_e2_bn_only_eager,0.0005481655564159027,1.7841992378234863,1609,True
legacy_vision_s9624_K2048_a4_e4_bn_only_eager,-0.001215381995332443,1.2908859252929688,986,True
legacy_vision_s9625_K2048_a2_e2_bn_only_eager,0.00010631837903063435,2.0898597240448,1358,True
legacy_vision_s9625_K2048_a2_e4_bn_only_eager,0.0039242227643379035,1.3773226737976074,914,True
legacy_vision_s9625_K2048_a4_e2_bn_only_eager,-0.002651428401609923,2.4719207286834717,1567,True
legacy_vision_s9625_K2048_a4_e4_bn_only_eager,0.006651470752735644,1.3988196849822998,960,True
legacy_vision_s9621_K2048_a2_e2_raw_graph,-0.00013330805925648725,1.3534046411514282,21,True
legacy_vision_s9621_K2048_a4_e4_raw_graph,3.937691897148987e-05,0.6718710660934448,10,True
legacy_vision_s9622_K2048_a2_e2_raw_graph,9.111702069630745e-05,0.9943046569824219,31,True
legacy_vision_s9622_K2048_a4_e4_raw_graph,-0.00012360761119056818,1.6171000003814697,7,True
legacy_vision_s9623_K2048_a2_e2_raw_graph,3.4782328641735916e-06,1.4099026918411255,27,True
legacy_vision_s9623_K2048_a4_e4_raw_graph,-3.7819741852684885e-05,0.4711923599243164,9,True
legacy_vision_s9624_K2048_a2_e2_raw_graph,-0.00038639040142296466,1.1326818466186523,21,True
legacy_vision_s9624_K2048_a4_e4_raw_graph,0.00015484024854361955,0.5060477256774902,9,True
legacy_vision_s9625_K2048_a2_e2_raw_graph,0.00012390734180822705,1.1320624351501465,24,True
legacy_vision_s9625_K2048_a4_e4_raw_graph,-9.023819379505582e-05,0.70310378074646,15,True
