init_id,state,updates,adapt_T,infer_T,calibration,cal_T,cal_seed,n,ce_mean,ce_sd,accuracy_mean
A,adapted,512,2.0,2,bn_cross,2.0,9640.0,5,1.4245374906426784,0.010698921766255956,0.64554
A,adapted,512,2.0,2,raw,,,5,1.5109481277532921,0.02502965635009622,0.63508
A,adapted,512,2.0,4,bn_cross,4.0,9640.0,5,1.2879045467956716,0.0043419460867810305,0.6633
A,adapted,512,2.0,4,raw,,,5,1.4328585470621138,0.03343133855313186,0.6456999999999999
A,adapted,512,4.0,2,bn_cross,2.0,9640.0,5,1.5808183710637083,0.00868890907279601,0.63046
A,adapted,512,4.0,2,raw,,,5,1.6593461248366441,0.030536923083896963,0.61558
A,adapted,512,4.0,4,bn_cross,4.0,9640.0,5,1.322047883289454,0.0055409414567664335,0.6690400000000001
A,adapted,512,4.0,4,raw,,,5,1.4120235169873363,0.02667874172657667,0.66282
A,adapted,1024,2.0,2,bn_cross,2.0,9640.0,5,1.4057751431231131,0.005655832888724001,0.6456999999999999
A,adapted,1024,2.0,2,raw,,,5,1.471070750081801,0.012617242931629843,0.6402
A,adapted,1024,2.0,4,bn_cross,4.0,9640.0,5,1.2874690692776842,0.003657315301760118,0.66302
A,adapted,1024,2.0,4,raw,,,5,1.395045354291728,0.013380297648725116,0.6498
A,adapted,1024,4.0,2,bn_cross,2.0,9640.0,5,1.5705087169416527,0.005000814935503148,0.63246
A,adapted,1024,4.0,2,raw,,,5,1.6298350725469923,0.025136337111640247,0.62078
A,adapted,1024,4.0,4,bn_cross,4.0,9640.0,5,1.314297060792246,0.003363024323901711,0.66964
A,adapted,1024,4.0,4,raw,,,5,1.3873244273745011,0.01480391931770673,0.66584
A,adapted,2048,2.0,2,bn_cross,2.0,9640.0,5,1.3912074700811528,0.00637195971841827,0.6505
A,adapted,2048,2.0,2,bn_cross,2.0,9740.0,5,1.390265395210567,0.0012397186428864395,0.6505
A,adapted,2048,2.0,2,bn_cross,2.0,9840.0,5,1.3926907566595055,0.004001375398545847,0.65238
A,adapted,2048,2.0,2,bn_cross,4.0,9640.0,5,1.4543317406822553,0.005027271837055815,0.63726
A,adapted,2048,2.0,2,bn_cross,4.0,9740.0,5,1.447577545608515,0.006623196927249467,0.6368400000000001
A,adapted,2048,2.0,2,bn_cross,4.0,9840.0,5,1.4527402583186189,0.00550115144055374,0.6368
A,adapted,2048,2.0,2,raw,,,5,1.4732441964388172,0.016797290277559107,0.6441600000000001
A,adapted,2048,2.0,4,bn_cross,2.0,9640.0,5,1.314136538904308,0.0058062627244266155,0.66304
A,adapted,2048,2.0,4,bn_cross,2.0,9740.0,5,1.3224180812471675,0.003344098577559312,0.65942
A,adapted,2048,2.0,4,bn_cross,2.0,9840.0,5,1.3170126888635667,0.0032434459243250832,0.661
A,adapted,2048,2.0,4,bn_cross,4.0,9640.0,5,1.2903107986163058,0.0031930485225535638,0.6646599999999999
A,adapted,2048,2.0,4,bn_cross,4.0,9740.0,5,1.291464502114922,0.0059913264842065194,0.6639
A,adapted,2048,2.0,4,bn_cross,4.0,9840.0,5,1.2905717662301774,0.00349743921005747,0.665
A,adapted,2048,2.0,4,raw,,,5,1.3918942940717132,0.01573039349090959,0.6542
A,adapted,2048,4.0,2,bn_cross,2.0,9640.0,5,1.5584180937874597,0.006386217369579498,0.63326
A,adapted,2048,4.0,2,bn_cross,2.0,9740.0,5,1.5540478762944834,0.005214744115409321,0.63364
A,adapted,2048,4.0,2,bn_cross,2.0,9840.0,5,1.5576716649508568,0.0027972353045845793,0.63432
A,adapted,2048,4.0,2,bn_cross,4.0,9640.0,5,1.5403627982751513,0.0064090311389802986,0.62846
A,adapted,2048,4.0,2,bn_cross,4.0,9740.0,5,1.5333381809282443,0.005626465958967869,0.6324
A,adapted,2048,4.0,2,bn_cross,4.0,9840.0,5,1.5364930554502272,0.006792132965789262,0.6308
A,adapted,2048,4.0,2,raw,,,5,1.6269421666897927,0.022561656720344277,0.62178
A,adapted,2048,4.0,4,bn_cross,2.0,9640.0,5,1.436858835653686,0.004378182503562026,0.65406
A,adapted,2048,4.0,4,bn_cross,2.0,9740.0,5,1.4419240821545758,0.004124321934921311,0.6514200000000001
A,adapted,2048,4.0,4,bn_cross,2.0,9840.0,5,1.438538676118839,0.0048737935571421575,0.65254
A,adapted,2048,4.0,4,bn_cross,4.0,9640.0,5,1.3063517829632456,0.005416017313186244,0.67232
A,adapted,2048,4.0,4,bn_cross,4.0,9740.0,5,1.3043183729978591,0.004572734086222354,0.67386
A,adapted,2048,4.0,4,bn_cross,4.0,9840.0,5,1.303247452178893,0.005729546387544378,0.67364
A,adapted,2048,4.0,4,raw,,,5,1.3886729935282642,0.018864729185698884,0.6688799999999999
A,shared_initial,0,,2,bn_cross,2.0,9640.0,1,1.564602941122558,,0.6312
A,shared_initial,0,,2,bn_cross,2.0,9740.0,1,1.554810531888553,,0.6318
A,shared_initial,0,,2,bn_cross,2.0,9840.0,1,1.56066590583059,,0.6335
A,shared_initial,0,,2,bn_cross,4.0,9640.0,1,1.5623596718368586,,0.6206
A,shared_initial,0,,2,bn_cross,4.0,9740.0,1,1.5409497076130938,,0.6284
A,shared_initial,0,,2,bn_cross,4.0,9840.0,1,1.5597401683342178,,0.6209
A,shared_initial,0,,2,raw,,,1,1.6370486931122374,,0.619
A,shared_initial,0,,4,bn_cross,2.0,9640.0,1,1.4481051515349186,,0.6475
A,shared_initial,0,,4,bn_cross,2.0,9740.0,1,1.44793705761343,,0.6493
A,shared_initial,0,,4,bn_cross,2.0,9840.0,1,1.4463183968031779,,0.6489
A,shared_initial,0,,4,bn_cross,4.0,9640.0,1,1.3181072585443967,,0.6674
A,shared_initial,0,,4,bn_cross,4.0,9740.0,1,1.3079214661131962,,0.6732
A,shared_initial,0,,4,bn_cross,4.0,9840.0,1,1.314676659304416,,0.6681
A,shared_initial,0,,4,raw,,,1,1.3832979446934304,,0.6675
B,adapted,512,2.0,2,bn_cross,2.0,9640.0,3,1.4275178119500593,0.005798936173282925,0.6407999999999999
B,adapted,512,2.0,2,raw,,,3,1.5246889329146904,0.02596197160173807,0.6314333333333333
B,adapted,512,2.0,4,bn_cross,4.0,9640.0,3,1.3071433341608092,0.0035531004061295757,0.6561333333333333
B,adapted,512,2.0,4,raw,,,3,1.4479554548871452,0.04144741095431028,0.6401
B,adapted,512,4.0,2,bn_cross,2.0,9640.0,3,1.585229614045052,0.004649326567860571,0.6282
B,adapted,512,4.0,2,raw,,,3,1.6476258021655805,0.014519214603270622,0.6166333333333333
B,adapted,512,4.0,4,bn_cross,4.0,9640.0,3,1.3312804649516299,0.0016868629731953443,0.6642
B,adapted,512,4.0,4,raw,,,3,1.4341739836693819,0.02449701204867076,0.6576333333333333
B,adapted,1024,2.0,2,bn_cross,2.0,9640.0,3,1.4173284324479096,0.0015203985346557976,0.6442666666666667
B,adapted,1024,2.0,2,raw,,,3,1.510322574887029,0.01471229790906639,0.6347999999999999
B,adapted,1024,2.0,4,bn_cross,4.0,9640.0,3,1.3109544991941249,0.0031838025897731343,0.6576
B,adapted,1024,2.0,4,raw,,,3,1.438347517113048,0.011207912625470997,0.6428333333333334
B,adapted,1024,4.0,2,bn_cross,2.0,9640.0,3,1.586430935967372,0.004683842530372623,0.6304
B,adapted,1024,4.0,2,raw,,,3,1.6458303302190422,0.025286924064496986,0.6192000000000001
B,adapted,1024,4.0,4,bn_cross,4.0,9640.0,3,1.326609558284985,0.003016146052973979,0.6661333333333334
B,adapted,1024,4.0,4,raw,,,3,1.4308653060400782,0.013472525392487535,0.6564666666666666
B,adapted,2048,2.0,2,bn_cross,2.0,9640.0,3,1.4109416377106643,0.005651568121676809,0.6465
B,adapted,2048,2.0,2,bn_cross,2.0,9740.0,3,1.410322005121057,0.00015037527333876475,0.6488999999999999
B,adapted,2048,2.0,2,bn_cross,2.0,9840.0,3,1.408653602971416,0.0015310176298169512,0.6457
B,adapted,2048,2.0,2,bn_cross,4.0,9640.0,3,1.4419205937427506,0.002691644888087466,0.6362333333333333
B,adapted,2048,2.0,2,bn_cross,4.0,9740.0,3,1.433189337091734,0.003732511768269354,0.6394666666666667
B,adapted,2048,2.0,2,bn_cross,4.0,9840.0,3,1.4413393561414365,0.0016939667473871028,0.6345333333333333
B,adapted,2048,2.0,2,raw,,,3,1.5002735618202754,0.023990958191972948,0.6393333333333334
B,adapted,2048,2.0,4,bn_cross,2.0,9640.0,3,1.3443944468391826,0.006278543528140954,0.6524666666666666
B,adapted,2048,2.0,4,bn_cross,2.0,9740.0,3,1.3465621027570374,0.0023002263958714817,0.6513666666666666
B,adapted,2048,2.0,4,bn_cross,2.0,9840.0,3,1.3432845001259148,0.0029072912633536893,0.6525
B,adapted,2048,2.0,4,bn_cross,4.0,9640.0,3,1.319825228129077,0.002030953535409167,0.6569333333333334
B,adapted,2048,2.0,4,bn_cross,4.0,9740.0,3,1.3141675285902903,0.0008051449376034938,0.6584
B,adapted,2048,2.0,4,bn_cross,4.0,9840.0,3,1.3186515785622837,0.0019411208865755785,0.6582
B,adapted,2048,2.0,4,raw,,,3,1.4337408217931262,0.03015920431302842,0.6457
B,adapted,2048,4.0,2,bn_cross,2.0,9640.0,3,1.5719089964413395,0.005473933361629233,0.6306999999999999
B,adapted,2048,4.0,2,bn_cross,2.0,9740.0,3,1.5674450300660139,0.010243257242010547,0.6305999999999999
B,adapted,2048,4.0,2,bn_cross,2.0,9840.0,3,1.575689635507553,0.005855466116173232,0.6315333333333334
B,adapted,2048,4.0,2,bn_cross,4.0,9640.0,3,1.5263248836715704,0.001503423539176428,0.6316333333333334
B,adapted,2048,4.0,2,bn_cross,4.0,9740.0,3,1.5221155167089,0.001558331307908045,0.6323333333333333
B,adapted,2048,4.0,2,bn_cross,4.0,9840.0,3,1.529166494995173,0.0046512822044424565,0.6321333333333333
B,adapted,2048,4.0,2,raw,,,3,1.6321421840110482,0.01094345827028438,0.6198666666666667
B,adapted,2048,4.0,4,bn_cross,2.0,9640.0,3,1.437631734995059,0.0070494407490046115,0.6472666666666667
B,adapted,2048,4.0,4,bn_cross,2.0,9740.0,3,1.4380691781033412,0.007642651254520124,0.6487333333333334
B,adapted,2048,4.0,4,bn_cross,2.0,9840.0,3,1.4387595414298122,0.006186570157282453,0.6474333333333333
B,adapted,2048,4.0,4,bn_cross,4.0,9640.0,3,1.320476183814082,0.0010971153890749102,0.6682333333333333
B,adapted,2048,4.0,4,bn_cross,4.0,9740.0,3,1.318503911285343,0.001160907912728787,0.6668333333333333
B,adapted,2048,4.0,4,bn_cross,4.0,9840.0,3,1.3216048674671834,0.0015913682755540816,0.6656333333333334
B,adapted,2048,4.0,4,raw,,,3,1.4219649477647929,0.0184387963599735,0.6598
B,shared_initial,0,,2,bn_cross,2.0,9640.0,1,1.5701051854603458,,0.6267
B,shared_initial,0,,2,bn_cross,2.0,9740.0,1,1.5669697920594365,,0.6305
B,shared_initial,0,,2,bn_cross,2.0,9840.0,1,1.5746251214004587,,0.6315
B,shared_initial,0,,2,bn_cross,4.0,9640.0,1,1.5333346017198637,,0.6308
B,shared_initial,0,,2,bn_cross,4.0,9740.0,1,1.5238243010745616,,0.6308
B,shared_initial,0,,2,bn_cross,4.0,9840.0,1,1.5339106956625357,,0.6281
B,shared_initial,0,,2,raw,,,1,1.6176703350248747,,0.6174
B,shared_initial,0,,4,bn_cross,2.0,9640.0,1,1.4418288928307592,,0.6426
B,shared_initial,0,,4,bn_cross,2.0,9740.0,1,1.4409061337461928,,0.6457
B,shared_initial,0,,4,bn_cross,2.0,9840.0,1,1.4455294338269042,,0.645
B,shared_initial,0,,4,bn_cross,4.0,9640.0,1,1.327004912617983,,0.6646
B,shared_initial,0,,4,bn_cross,4.0,9740.0,1,1.3230954775501742,,0.6676
B,shared_initial,0,,4,bn_cross,4.0,9840.0,1,1.3250574565636692,,0.6652
B,shared_initial,0,,4,raw,,,1,1.3985256188071566,,0.6576
