id,T,seed,stage,step,training_seconds,checkpoint,gpu,split,ce,accuracy,texts,masked_tokens,accuracy_pct,lr
frozen_T2,2,,frozen,0,0,,0,test,3.200008869944697,0.45165934602244995,4406,40980,45.165934602244995,
frozen_T2,2,,frozen,0,0,,0,supplementary,3.3331432308980715,0.44043151969981237,233,2132,44.04315196998124,
frozen_T4,4,,frozen,0,0,,0,test,2.963503474832067,0.4805514885309907,4406,40980,48.05514885309907,
frozen_T4,4,,frozen,0,0,,0,supplementary,3.104622460216787,0.4723264540337711,233,2132,47.23264540337711,
formal_T2_seed8621_step512,2,8621,formal,512,278.1541559584439,/root/autodl-tmp/snn0907/orthogonal_pilot_20260907/data/paper_experiments_20260908/formal/T2_seed8621_lr2e-05/step512.pt,0,test,2.794495677293936,0.49216691068814056,4406,40980,49.21669106881406,2e-05
formal_T2_seed8621_step512,2,8621,formal,512,278.1541559584439,/root/autodl-tmp/snn0907/orthogonal_pilot_20260907/data/paper_experiments_20260908/formal/T2_seed8621_lr2e-05/step512.pt,0,supplementary,2.8766866808313365,0.4873358348968105,233,2132,48.733583489681045,2e-05
formal_T2_seed8621_step1024,2,8621,formal,1024,571.8913300149143,/root/autodl-tmp/snn0907/orthogonal_pilot_20260907/data/paper_experiments_20260908/formal/T2_seed8621_lr2e-05/step1024.pt,0,test,2.7411327168374084,0.500024402147389,4406,40980,50.0024402147389,2e-05
formal_T2_seed8621_step1024,2,8621,formal,1024,571.8913300149143,/root/autodl-tmp/snn0907/orthogonal_pilot_20260907/data/paper_experiments_20260908/formal/T2_seed8621_lr2e-05/step1024.pt,0,supplementary,2.867456872037159,0.4920262664165103,233,2132,49.20262664165103,2e-05
formal_T2_seed8621_step1280,2,8621,formal,1280,715.8896336108446,/root/autodl-tmp/snn0907/orthogonal_pilot_20260907/data/paper_experiments_20260908/formal/T2_seed8621_lr2e-05/step1280.pt,0,test,2.730381999382469,0.5017813567593948,4406,40980,50.17813567593949,2e-05
formal_T2_seed8621_step1280,2,8621,formal,1280,715.8896336108446,/root/autodl-tmp/snn0907/orthogonal_pilot_20260907/data/paper_experiments_20260908/formal/T2_seed8621_lr2e-05/step1280.pt,0,supplementary,2.8640865384973235,0.49624765478424016,233,2132,49.62476547842402,2e-05
formal_T2_seed8621_step2048,2,8621,formal,2048,1179.7628003880382,/root/autodl-tmp/snn0907/orthogonal_pilot_20260907/data/paper_experiments_20260908/formal/T2_seed8621_lr2e-05/step2048.pt,0,test,2.7093379419146304,0.5052708638360176,4406,40980,50.52708638360176,2e-05
formal_T2_seed8621_step2048,2,8621,formal,2048,1179.7628003880382,/root/autodl-tmp/snn0907/orthogonal_pilot_20260907/data/paper_experiments_20260908/formal/T2_seed8621_lr2e-05/step2048.pt,0,supplementary,2.789184702633693,0.49624765478424016,233,2132,49.62476547842402,2e-05
formal_T2_seed8621_step2816,2,8621,formal,2816,1653.4962848983705,/root/autodl-tmp/snn0907/orthogonal_pilot_20260907/data/paper_experiments_20260908/formal/T2_seed8621_lr2e-05/step2816.pt,0,test,2.69938788430978,0.5061005368472425,4406,40980,50.61005368472426,2e-05
formal_T2_seed8621_step2816,2,8621,formal,2816,1653.4962848983705,/root/autodl-tmp/snn0907/orthogonal_pilot_20260907/data/paper_experiments_20260908/formal/T2_seed8621_lr2e-05/step2816.pt,0,supplementary,2.7926304230211376,0.4948405253283302,233,2132,49.484052532833026,2e-05
formal_T2_seed8621_step4096,2,8621,formal,4096,2206.1194103099406,/root/autodl-tmp/snn0907/orthogonal_pilot_20260907/data/paper_experiments_20260908/formal/T2_seed8621_lr2e-05/step4096.pt,0,test,2.6867735869830938,0.5079062957540263,4406,40980,50.79062957540263,2e-05
formal_T2_seed8621_step4096,2,8621,formal,4096,2206.1194103099406,/root/autodl-tmp/snn0907/orthogonal_pilot_20260907/data/paper_experiments_20260908/formal/T2_seed8621_lr2e-05/step4096.pt,0,supplementary,2.779047355251509,0.5032833020637899,233,2132,50.32833020637899,2e-05
formal_T2_seed8622_step512,2,8622,formal,512,276.77846575528383,/root/autodl-tmp/snn0907/orthogonal_pilot_20260907/data/paper_experiments_20260908/formal/T2_seed8622_lr2e-05/step512.pt,1,test,2.7861436467171408,0.49497315763787214,4406,40980,49.49731576378721,2e-05
formal_T2_seed8622_step512,2,8622,formal,512,276.77846575528383,/root/autodl-tmp/snn0907/orthogonal_pilot_20260907/data/paper_experiments_20260908/formal/T2_seed8622_lr2e-05/step512.pt,1,supplementary,2.8956896957939606,0.4873358348968105,233,2132,48.733583489681045,2e-05
formal_T2_seed8622_step768,2,8622,formal,768,427.28966726362705,/root/autodl-tmp/snn0907/orthogonal_pilot_20260907/data/paper_experiments_20260908/formal/T2_seed8622_lr2e-05/step768.pt,1,test,2.7546695461694317,0.49807223035627135,4406,40980,49.80722303562713,2e-05
formal_T2_seed8622_step768,2,8622,formal,768,427.28966726362705,/root/autodl-tmp/snn0907/orthogonal_pilot_20260907/data/paper_experiments_20260908/formal/T2_seed8622_lr2e-05/step768.pt,1,supplementary,2.840563531608564,0.48686679174484054,233,2132,48.686679174484055,2e-05
formal_T2_seed8622_step1024,2,8622,formal,1024,569.219884634018,/root/autodl-tmp/snn0907/orthogonal_pilot_20260907/data/paper_experiments_20260908/formal/T2_seed8622_lr2e-05/step1024.pt,1,test,2.7441072387705234,0.4993167398731088,4406,40980,49.93167398731088,2e-05
formal_T2_seed8622_step1024,2,8622,formal,1024,569.219884634018,/root/autodl-tmp/snn0907/orthogonal_pilot_20260907/data/paper_experiments_20260908/formal/T2_seed8622_lr2e-05/step1024.pt,1,supplementary,2.8294989610926073,0.50093808630394,233,2132,50.093808630394,2e-05
formal_T2_seed8622_step1280,2,8622,formal,1280,712.4918558038771,/root/autodl-tmp/snn0907/orthogonal_pilot_20260907/data/paper_experiments_20260908/formal/T2_seed8622_lr2e-05/step1280.pt,1,test,2.738196416214275,0.5004880429477794,4406,40980,50.04880429477794,2e-05
formal_T2_seed8622_step1280,2,8622,formal,1280,712.4918558038771,/root/autodl-tmp/snn0907/orthogonal_pilot_20260907/data/paper_experiments_20260908/formal/T2_seed8622_lr2e-05/step1280.pt,1,supplementary,2.812717018554627,0.4976547842401501,233,2132,49.76547842401501,2e-05
formal_T2_seed8622_step2048,2,8622,formal,2048,1172.9527894109488,/root/autodl-tmp/snn0907/orthogonal_pilot_20260907/data/paper_experiments_20260908/formal/T2_seed8622_lr2e-05/step2048.pt,1,test,2.7092053687985143,0.5033918984870669,4406,40980,50.33918984870669,2e-05
formal_T2_seed8622_step2048,2,8622,formal,2048,1172.9527894109488,/root/autodl-tmp/snn0907/orthogonal_pilot_20260907/data/paper_experiments_20260908/formal/T2_seed8622_lr2e-05/step2048.pt,1,supplementary,2.803034674942382,0.49906191369606,233,2132,49.906191369606,2e-05
formal_T2_seed8622_step2816,2,8622,formal,2816,1640.1250940300524,/root/autodl-tmp/snn0907/orthogonal_pilot_20260907/data/paper_experiments_20260908/formal/T2_seed8622_lr2e-05/step2816.pt,1,test,2.691128430823287,0.5083943387018057,4406,40980,50.83943387018057,2e-05
formal_T2_seed8622_step2816,2,8622,formal,2816,1640.1250940300524,/root/autodl-tmp/snn0907/orthogonal_pilot_20260907/data/paper_experiments_20260908/formal/T2_seed8622_lr2e-05/step2816.pt,1,supplementary,2.8165212196435983,0.49953095684803,233,2132,49.953095684803,2e-05
formal_T2_seed8622_step4096,2,8622,formal,4096,2195.6555150300264,/root/autodl-tmp/snn0907/orthogonal_pilot_20260907/data/paper_experiments_20260908/formal/T2_seed8622_lr2e-05/step4096.pt,1,test,2.6774280021644823,0.5107613469985359,4406,40980,51.07613469985359,2e-05
formal_T2_seed8622_step4096,2,8622,formal,4096,2195.6555150300264,/root/autodl-tmp/snn0907/orthogonal_pilot_20260907/data/paper_experiments_20260908/formal/T2_seed8622_lr2e-05/step4096.pt,1,supplementary,2.7619914598133954,0.49906191369606,233,2132,49.906191369606,2e-05
formal_T2_seed8623_step512,2,8623,formal,512,218.85412453114986,/root/autodl-tmp/snn0907/orthogonal_pilot_20260907/data/paper_experiments_20260908/formal/T2_seed8623_lr2e-05/step512.pt,0,test,2.7765804605379887,0.4989263055148853,4406,40980,49.89263055148853,2e-05
formal_T2_seed8623_step512,2,8623,formal,512,218.85412453114986,/root/autodl-tmp/snn0907/orthogonal_pilot_20260907/data/paper_experiments_20260908/formal/T2_seed8623_lr2e-05/step512.pt,0,supplementary,2.8930688039111376,0.4901500938086304,233,2132,49.01500938086304,2e-05
formal_T2_seed8623_step768,2,8623,formal,768,328.8222716599703,/root/autodl-tmp/snn0907/orthogonal_pilot_20260907/data/paper_experiments_20260908/formal/T2_seed8623_lr2e-05/step768.pt,0,test,2.7489464888558484,0.499170326988775,4406,40980,49.9170326988775,2e-05
formal_T2_seed8623_step768,2,8623,formal,768,328.8222716599703,/root/autodl-tmp/snn0907/orthogonal_pilot_20260907/data/paper_experiments_20260908/formal/T2_seed8623_lr2e-05/step768.pt,0,supplementary,2.8549345052935617,0.49390243902439024,233,2132,49.390243902439025,2e-05
formal_T2_seed8623_step1024,2,8623,formal,1024,437.20137936994433,/root/autodl-tmp/snn0907/orthogonal_pilot_20260907/data/paper_experiments_20260908/formal/T2_seed8623_lr2e-05/step1024.pt,0,test,2.7449747846660575,0.4976329917032699,4406,40980,49.76329917032699,2e-05
formal_T2_seed8623_step1024,2,8623,formal,1024,437.20137936994433,/root/autodl-tmp/snn0907/orthogonal_pilot_20260907/data/paper_experiments_20260908/formal/T2_seed8623_lr2e-05/step1024.pt,0,supplementary,2.8554150839012964,0.4892120075046904,233,2132,48.92120075046904,2e-05
formal_T2_seed8623_step1792,2,8623,formal,1792,765.5755442343652,/root/autodl-tmp/snn0907/orthogonal_pilot_20260907/data/paper_experiments_20260908/formal/T2_seed8623_lr2e-05/step1792.pt,0,test,2.712194149784213,0.5058077110785749,4406,40980,50.580771107857494,2e-05
formal_T2_seed8623_step1792,2,8623,formal,1792,765.5755442343652,/root/autodl-tmp/snn0907/orthogonal_pilot_20260907/data/paper_experiments_20260908/formal/T2_seed8623_lr2e-05/step1792.pt,0,supplementary,2.830661544852364,0.4831144465290807,233,2132,48.31144465290807,2e-05
formal_T2_seed8623_step2048,2,8623,formal,2048,879.5076984986663,/root/autodl-tmp/snn0907/orthogonal_pilot_20260907/data/paper_experiments_20260908/formal/T2_seed8623_lr2e-05/step2048.pt,0,test,2.7062068305151032,0.504953635919961,4406,40980,50.4953635919961,2e-05
formal_T2_seed8623_step2048,2,8623,formal,2048,879.5076984986663,/root/autodl-tmp/snn0907/orthogonal_pilot_20260907/data/paper_experiments_20260908/formal/T2_seed8623_lr2e-05/step2048.pt,0,supplementary,2.793495728251634,0.50187617260788,233,2132,50.187617260787995,2e-05
formal_T2_seed8623_step3840,2,8623,formal,3840,1659.4260549619794,/root/autodl-tmp/snn0907/orthogonal_pilot_20260907/data/paper_experiments_20260908/formal/T2_seed8623_lr2e-05/step3840.pt,0,test,2.6876806698188416,0.5072230356271352,4406,40980,50.72230356271352,2e-05
formal_T2_seed8623_step3840,2,8623,formal,3840,1659.4260549619794,/root/autodl-tmp/snn0907/orthogonal_pilot_20260907/data/paper_experiments_20260908/formal/T2_seed8623_lr2e-05/step3840.pt,0,supplementary,2.8053025267249425,0.4924953095684803,233,2132,49.249530956848034,2e-05
formal_T2_seed8623_step4096,2,8623,formal,4096,1769.832960549742,/root/autodl-tmp/snn0907/orthogonal_pilot_20260907/data/paper_experiments_20260908/formal/T2_seed8623_lr2e-05/step4096.pt,0,test,2.6772048786872653,0.509053196681308,4406,40980,50.9053196681308,2e-05
formal_T2_seed8623_step4096,2,8623,formal,4096,1769.832960549742,/root/autodl-tmp/snn0907/orthogonal_pilot_20260907/data/paper_experiments_20260908/formal/T2_seed8623_lr2e-05/step4096.pt,0,supplementary,2.782902444952201,0.49530956848030017,233,2132,49.530956848030016,2e-05
formal_T4_seed8621_step512,4,8621,formal,512,215.93797248229384,/root/autodl-tmp/snn0907/orthogonal_pilot_20260907/data/paper_experiments_20260908/formal/T4_seed8621_lr2e-05/step512.pt,0,test,2.633488003463778,0.5168618838457785,4406,40980,51.68618838457785,2e-05
formal_T4_seed8621_step512,4,8621,formal,512,215.93797248229384,/root/autodl-tmp/snn0907/orthogonal_pilot_20260907/data/paper_experiments_20260908/formal/T4_seed8621_lr2e-05/step512.pt,0,supplementary,2.7381145880325204,0.5079737335834896,233,2132,50.79737335834896,2e-05
formal_T4_seed8621_step768,4,8621,formal,768,323.54549047350883,/root/autodl-tmp/snn0907/orthogonal_pilot_20260907/data/paper_experiments_20260908/formal/T4_seed8621_lr2e-05/step768.pt,0,test,2.609982115883614,0.5174231332357248,4406,40980,51.742313323572475,2e-05
formal_T4_seed8621_step768,4,8621,formal,768,323.54549047350883,/root/autodl-tmp/snn0907/orthogonal_pilot_20260907/data/paper_experiments_20260908/formal/T4_seed8621_lr2e-05/step768.pt,0,supplementary,2.69892733713252,0.5112570356472795,233,2132,51.12570356472796,2e-05
formal_T4_seed8621_step1024,4,8621,formal,1024,429.3536890670657,/root/autodl-tmp/snn0907/orthogonal_pilot_20260907/data/paper_experiments_20260908/formal/T4_seed8621_lr2e-05/step1024.pt,0,test,2.597582093292037,0.5213762811127379,4406,40980,52.13762811127379,2e-05
formal_T4_seed8621_step1024,4,8621,formal,1024,429.3536890670657,/root/autodl-tmp/snn0907/orthogonal_pilot_20260907/data/paper_experiments_20260908/formal/T4_seed8621_lr2e-05/step1024.pt,0,supplementary,2.6986430187554116,0.5032833020637899,233,2132,50.32833020637899,2e-05
formal_T4_seed8621_step1792,4,8621,formal,1792,751.5173023864627,/root/autodl-tmp/snn0907/orthogonal_pilot_20260907/data/paper_experiments_20260908/formal/T4_seed8621_lr2e-05/step1792.pt,0,test,2.575875190902445,0.5243777452415812,4406,40980,52.43777452415812,2e-05
formal_T4_seed8621_step1792,4,8621,formal,1792,751.5173023864627,/root/autodl-tmp/snn0907/orthogonal_pilot_20260907/data/paper_experiments_20260908/formal/T4_seed8621_lr2e-05/step1792.pt,0,supplementary,2.684063604971705,0.5121951219512195,233,2132,51.21951219512195,2e-05
formal_T4_seed8621_step2048,4,8621,formal,2048,858.1687328666449,/root/autodl-tmp/snn0907/orthogonal_pilot_20260907/data/paper_experiments_20260908/formal/T4_seed8621_lr2e-05/step2048.pt,0,test,2.561778087627775,0.5236944851146901,4406,40980,52.36944851146901,2e-05
formal_T4_seed8621_step2048,4,8621,formal,2048,858.1687328666449,/root/autodl-tmp/snn0907/orthogonal_pilot_20260907/data/paper_experiments_20260908/formal/T4_seed8621_lr2e-05/step2048.pt,0,supplementary,2.6627015928278275,0.5164165103189493,233,2132,51.64165103189493,2e-05
formal_T4_seed8621_step4096,4,8621,formal,4096,1713.954446054995,/root/autodl-tmp/snn0907/orthogonal_pilot_20260907/data/paper_experiments_20260908/formal/T4_seed8621_lr2e-05/step4096.pt,0,test,2.549171707799827,0.5262811127379209,4406,40980,52.628111273792086,2e-05
formal_T4_seed8621_step4096,4,8621,formal,4096,1713.954446054995,/root/autodl-tmp/snn0907/orthogonal_pilot_20260907/data/paper_experiments_20260908/formal/T4_seed8621_lr2e-05/step4096.pt,0,supplementary,2.656063950335778,0.5220450281425891,233,2132,52.204502814258916,2e-05
formal_T4_seed8622_step512,4,8622,formal,512,215.83206586167216,/root/autodl-tmp/snn0907/orthogonal_pilot_20260907/data/paper_experiments_20260908/formal/T4_seed8622_lr2e-05/step512.pt,1,test,2.6283162498479578,0.5143484626647145,4406,40980,51.434846266471446,2e-05
formal_T4_seed8622_step512,4,8622,formal,512,215.83206586167216,/root/autodl-tmp/snn0907/orthogonal_pilot_20260907/data/paper_experiments_20260908/formal/T4_seed8622_lr2e-05/step512.pt,1,supplementary,2.7456281721927436,0.49859287054409007,233,2132,49.85928705440901,2e-05
formal_T4_seed8622_step768,4,8622,formal,768,323.3317961394787,/root/autodl-tmp/snn0907/orthogonal_pilot_20260907/data/paper_experiments_20260908/formal/T4_seed8622_lr2e-05/step768.pt,1,test,2.6060368656526833,0.5170082967301123,4406,40980,51.70082967301123,2e-05
formal_T4_seed8622_step768,4,8622,formal,768,323.3317961394787,/root/autodl-tmp/snn0907/orthogonal_pilot_20260907/data/paper_experiments_20260908/formal/T4_seed8622_lr2e-05/step768.pt,1,supplementary,2.729306710482091,0.5046904315196998,233,2132,50.469043151969984,2e-05
formal_T4_seed8622_step1024,4,8622,formal,1024,429.8167450539768,/root/autodl-tmp/snn0907/orthogonal_pilot_20260907/data/paper_experiments_20260908/formal/T4_seed8622_lr2e-05/step1024.pt,1,test,2.5985974772482083,0.5194973157637872,4406,40980,51.949731576378724,2e-05
formal_T4_seed8622_step1024,4,8622,formal,1024,429.8167450539768,/root/autodl-tmp/snn0907/orthogonal_pilot_20260907/data/paper_experiments_20260908/formal/T4_seed8622_lr2e-05/step1024.pt,1,supplementary,2.682219851894853,0.5136022514071295,233,2132,51.36022514071294,2e-05
formal_T4_seed8622_step1792,4,8622,formal,1792,750.6158318556845,/root/autodl-tmp/snn0907/orthogonal_pilot_20260907/data/paper_experiments_20260908/formal/T4_seed8622_lr2e-05/step1792.pt,1,test,2.5769931531861756,0.5220351390922401,4406,40980,52.20351390922401,2e-05
formal_T4_seed8622_step1792,4,8622,formal,1792,750.6158318556845,/root/autodl-tmp/snn0907/orthogonal_pilot_20260907/data/paper_experiments_20260908/formal/T4_seed8622_lr2e-05/step1792.pt,1,supplementary,2.68180894395983,0.5164165103189493,233,2132,51.64165103189493,2e-05
formal_T4_seed8622_step2048,4,8622,formal,2048,858.536268170923,/root/autodl-tmp/snn0907/orthogonal_pilot_20260907/data/paper_experiments_20260908/formal/T4_seed8622_lr2e-05/step2048.pt,1,test,2.570024366338679,0.5215714982918497,4406,40980,52.15714982918497,2e-05
formal_T4_seed8622_step2048,4,8622,formal,2048,858.536268170923,/root/autodl-tmp/snn0907/orthogonal_pilot_20260907/data/paper_experiments_20260908/formal/T4_seed8622_lr2e-05/step2048.pt,1,supplementary,2.6612553337054226,0.5173545966228893,233,2132,51.73545966228893,2e-05
formal_T4_seed8622_step3840,4,8622,formal,3840,1614.1847401559353,/root/autodl-tmp/snn0907/orthogonal_pilot_20260907/data/paper_experiments_20260908/formal/T4_seed8622_lr2e-05/step3840.pt,1,test,2.5553951761734637,0.5285017081503173,4406,40980,52.850170815031724,2e-05
formal_T4_seed8622_step3840,4,8622,formal,3840,1614.1847401559353,/root/autodl-tmp/snn0907/orthogonal_pilot_20260907/data/paper_experiments_20260908/formal/T4_seed8622_lr2e-05/step3840.pt,1,supplementary,2.6519198114608065,0.5234521575984991,233,2132,52.34521575984991,2e-05
formal_T4_seed8622_step4096,4,8622,formal,4096,1723.1704816892743,/root/autodl-tmp/snn0907/orthogonal_pilot_20260907/data/paper_experiments_20260908/formal/T4_seed8622_lr2e-05/step4096.pt,1,test,2.549861042041401,0.5266959492435335,4406,40980,52.66959492435335,2e-05
formal_T4_seed8622_step4096,4,8622,formal,4096,1723.1704816892743,/root/autodl-tmp/snn0907/orthogonal_pilot_20260907/data/paper_experiments_20260908/formal/T4_seed8622_lr2e-05/step4096.pt,1,supplementary,2.6731496495220943,0.5187617260787992,233,2132,51.87617260787992,2e-05
formal_T4_seed8623_step512,4,8623,formal,512,218.41094881296158,/root/autodl-tmp/snn0907/orthogonal_pilot_20260907/data/paper_experiments_20260908/formal/T4_seed8623_lr2e-05/step512.pt,0,test,2.6339743495523487,0.5152757442654954,4406,40980,51.527574426549535,2e-05
formal_T4_seed8623_step512,4,8623,formal,512,218.41094881296158,/root/autodl-tmp/snn0907/orthogonal_pilot_20260907/data/paper_experiments_20260908/formal/T4_seed8623_lr2e-05/step512.pt,0,supplementary,2.7303316074285453,0.5093808630393997,233,2132,50.93808630393997,2e-05
formal_T4_seed8623_step768,4,8623,formal,768,327.17193314805627,/root/autodl-tmp/snn0907/orthogonal_pilot_20260907/data/paper_experiments_20260908/formal/T4_seed8623_lr2e-05/step768.pt,0,test,2.6216721298109835,0.5170815031722792,4406,40980,51.70815031722792,2e-05
formal_T4_seed8623_step768,4,8623,formal,768,327.17193314805627,/root/autodl-tmp/snn0907/orthogonal_pilot_20260907/data/paper_experiments_20260908/formal/T4_seed8623_lr2e-05/step768.pt,0,supplementary,2.7051508795421073,0.5084427767354597,233,2132,50.84427767354597,2e-05
formal_T4_seed8623_step1024,4,8623,formal,1024,434.3999546431005,/root/autodl-tmp/snn0907/orthogonal_pilot_20260907/data/paper_experiments_20260908/formal/T4_seed8623_lr2e-05/step1024.pt,0,test,2.603004075909608,0.5209370424597365,4406,40980,52.09370424597365,2e-05
formal_T4_seed8623_step1024,4,8623,formal,1024,434.3999546431005,/root/autodl-tmp/snn0907/orthogonal_pilot_20260907/data/paper_experiments_20260908/formal/T4_seed8623_lr2e-05/step1024.pt,0,supplementary,2.6943216952608853,0.5196998123827392,233,2132,51.969981238273924,2e-05
formal_T4_seed8623_step1792,4,8623,formal,1792,761.5732863396406,/root/autodl-tmp/snn0907/orthogonal_pilot_20260907/data/paper_experiments_20260908/formal/T4_seed8623_lr2e-05/step1792.pt,0,test,2.57071006100031,0.525378233284529,4406,40980,52.5378233284529,2e-05
formal_T4_seed8623_step1792,4,8623,formal,1792,761.5732863396406,/root/autodl-tmp/snn0907/orthogonal_pilot_20260907/data/paper_experiments_20260908/formal/T4_seed8623_lr2e-05/step1792.pt,0,supplementary,2.670461030659488,0.5103189493433395,233,2132,51.031894934333955,2e-05
formal_T4_seed8623_step2048,4,8623,formal,2048,868.4670508801937,/root/autodl-tmp/snn0907/orthogonal_pilot_20260907/data/paper_experiments_20260908/formal/T4_seed8623_lr2e-05/step2048.pt,0,test,2.580026141921795,0.522132747681796,4406,40980,52.213274768179595,2e-05
formal_T4_seed8623_step2048,4,8623,formal,2048,868.4670508801937,/root/autodl-tmp/snn0907/orthogonal_pilot_20260907/data/paper_experiments_20260908/formal/T4_seed8623_lr2e-05/step2048.pt,0,supplementary,2.6870686998957765,0.5079737335834896,233,2132,50.79737335834896,2e-05
formal_T4_seed8623_step3840,4,8623,formal,3840,1619.2292301394045,/root/autodl-tmp/snn0907/orthogonal_pilot_20260907/data/paper_experiments_20260908/formal/T4_seed8623_lr2e-05/step3840.pt,0,test,2.5454375289249986,0.5260370912640312,4406,40980,52.60370912640312,2e-05
formal_T4_seed8623_step3840,4,8623,formal,3840,1619.2292301394045,/root/autodl-tmp/snn0907/orthogonal_pilot_20260907/data/paper_experiments_20260908/formal/T4_seed8623_lr2e-05/step3840.pt,0,supplementary,2.6443768047621057,0.5140712945590994,233,2132,51.40712945590994,2e-05
formal_T4_seed8623_step4096,4,8623,formal,4096,1726.2039656192064,/root/autodl-tmp/snn0907/orthogonal_pilot_20260907/data/paper_experiments_20260908/formal/T4_seed8623_lr2e-05/step4096.pt,0,test,2.5422943416097517,0.5284529038555393,4406,40980,52.84529038555393,2e-05
formal_T4_seed8623_step4096,4,8623,formal,4096,1726.2039656192064,/root/autodl-tmp/snn0907/orthogonal_pilot_20260907/data/paper_experiments_20260908/formal/T4_seed8623_lr2e-05/step4096.pt,0,supplementary,2.654012842652498,0.5131332082551595,233,2132,51.31332082551595,2e-05
legacy_reconstructed_T2_seed7621_step512,2,7621,legacy_reconstructed,512,221.63319550454617,/root/autodl-tmp/snn0907/orthogonal_pilot_20260907/data/paper_experiments_20260908/legacy/T2_seed7621_lr6e-05/step512.pt,0,test,2.7766255060310026,0.4973645680819912,4406,40980,49.73645680819912,6e-05
legacy_reconstructed_T2_seed7621_step512,2,7621,legacy_reconstructed,512,221.63319550454617,/root/autodl-tmp/snn0907/orthogonal_pilot_20260907/data/paper_experiments_20260908/legacy/T2_seed7621_lr6e-05/step512.pt,0,supplementary,2.898104080842986,0.4831144465290807,233,2132,48.31144465290807,6e-05
legacy_reconstructed_T2_seed7622_step512,2,7622,legacy_reconstructed,512,213.8024798333645,/root/autodl-tmp/snn0907/orthogonal_pilot_20260907/data/paper_experiments_20260908/legacy/T2_seed7622_lr6e-05/step512.pt,1,test,2.792371351683077,0.4940214738897023,4406,40980,49.40214738897023,6e-05
legacy_reconstructed_T2_seed7622_step512,2,7622,legacy_reconstructed,512,213.8024798333645,/root/autodl-tmp/snn0907/orthogonal_pilot_20260907/data/paper_experiments_20260908/legacy/T2_seed7622_lr6e-05/step512.pt,1,supplementary,2.883725901593858,0.47701688555347094,233,2132,47.7016885553471,6e-05
legacy_reconstructed_T2_seed7623_step512,2,7623,legacy_reconstructed,512,223.87845699116588,/root/autodl-tmp/snn0907/orthogonal_pilot_20260907/data/paper_experiments_20260908/legacy/T2_seed7623_lr6e-05/step512.pt,0,test,2.786627811999453,0.4970717423133236,4406,40980,49.70717423133236,6e-05
legacy_reconstructed_T2_seed7623_step512,2,7623,legacy_reconstructed,512,223.87845699116588,/root/autodl-tmp/snn0907/orthogonal_pilot_20260907/data/paper_experiments_20260908/legacy/T2_seed7623_lr6e-05/step512.pt,0,supplementary,2.893675292354587,0.4817073170731707,233,2132,48.170731707317074,6e-05
legacy_reconstructed_T4_seed7621_step512,4,7621,legacy_reconstructed,512,216.12414605543017,/root/autodl-tmp/snn0907/orthogonal_pilot_20260907/data/paper_experiments_20260908/legacy/T4_seed7621_lr2e-05/step512.pt,0,test,2.6361886658635596,0.5141288433382137,4406,40980,51.412884333821374,2e-05
legacy_reconstructed_T4_seed7621_step512,4,7621,legacy_reconstructed,512,216.12414605543017,/root/autodl-tmp/snn0907/orthogonal_pilot_20260907/data/paper_experiments_20260908/legacy/T4_seed7621_lr2e-05/step512.pt,0,supplementary,2.7540963850705755,0.4981238273921201,233,2132,49.812382739212005,2e-05
legacy_reconstructed_T4_seed7622_step512,4,7622,legacy_reconstructed,512,215.40001037344337,/root/autodl-tmp/snn0907/orthogonal_pilot_20260907/data/paper_experiments_20260908/legacy/T4_seed7622_lr2e-05/step512.pt,1,test,2.6412614697095536,0.5140556368960468,4406,40980,51.40556368960468,2e-05
legacy_reconstructed_T4_seed7622_step512,4,7622,legacy_reconstructed,512,215.40001037344337,/root/autodl-tmp/snn0907/orthogonal_pilot_20260907/data/paper_experiments_20260908/legacy/T4_seed7622_lr2e-05/step512.pt,1,supplementary,2.729574956377273,0.49953095684803,233,2132,49.953095684803,2e-05
legacy_reconstructed_T4_seed7623_step512,4,7623,legacy_reconstructed,512,219.97977457940578,/root/autodl-tmp/snn0907/orthogonal_pilot_20260907/data/paper_experiments_20260908/legacy/T4_seed7623_lr2e-05/step512.pt,0,test,2.6261347047339925,0.5153977550024402,4406,40980,51.53977550024402,2e-05
legacy_reconstructed_T4_seed7623_step512,4,7623,legacy_reconstructed,512,219.97977457940578,/root/autodl-tmp/snn0907/orthogonal_pilot_20260907/data/paper_experiments_20260908/legacy/T4_seed7623_lr2e-05/step512.pt,0,supplementary,2.73778230712293,0.5056285178236398,233,2132,50.562851782363985,2e-05
