task,calibration,updates,seed,adapt_T,infer_T,initial_ce,ce,gain
language,raw,512,8621,2,2,3.200008869991241,2.7944565901910936,0.4055522798001472
language,raw,512,8622,2,2,3.200008869991241,2.7861436468102276,0.41386522318101315
language,raw,512,8623,2,2,3.200008869991241,2.776580460584532,0.4234284094067089
language,raw,512,8621,2,4,2.963507696504844,2.771923851228936,0.191583845275908
language,raw,512,8622,2,4,2.963507696504844,2.7809660718397664,0.1825416246650775
language,raw,512,8623,2,4,2.963507696504844,2.775770727573431,0.187736968931413
language,raw,512,8621,4,2,3.200008869991241,2.853863263903333,0.3461456060879078
language,raw,512,8622,4,2,3.200008869991241,2.859419703959778,0.34058916603146283
language,raw,512,8623,4,2,3.200008869991241,2.8478363807152243,0.3521724892760165
language,raw,512,8621,4,4,2.963507696504844,2.633488003603408,0.33001969290143585
language,raw,512,8622,4,4,2.963507696504844,2.6283416248920886,0.33516607161275536
language,raw,512,8623,4,4,2.963507696504844,2.6339743496454355,0.3295333468594084
language,raw,4096,8621,2,2,3.200008869991241,2.686773586890007,0.5132352831012339
language,raw,4096,8622,2,2,3.200008869991241,2.6774280019783085,0.5225808680129322
language,raw,4096,8623,2,2,3.200008869991241,2.677204878547635,0.522803991443606
language,raw,4096,8621,2,4,2.963507696504844,2.719725015053931,0.24378268145091297
language,raw,4096,8622,2,4,2.963507696504844,2.698896410182689,0.2646112863221548
language,raw,4096,8623,2,4,2.963507696504844,2.6970062916319346,0.2665014048729093
language,raw,4096,8621,4,2,3.200008869991241,2.748706939121071,0.4513019308701698
language,raw,4096,8622,4,2,3.200008869991241,2.751121317656593,0.44888755233464783
language,raw,4096,8623,4,2,3.200008869991241,2.7417082291286845,0.4583006408625563
language,raw,4096,8621,4,4,2.963507696504844,2.549171707799827,0.41433598870501687
language,raw,4096,8622,4,4,2.963507696504844,2.5498510260873655,0.41365667041747844
language,raw,4096,8623,4,4,2.963507696504844,2.5422943416097517,0.42121335489509226
vision,bn_only,512,9621,2,2,1.5622532091355417,1.4251257610917616,0.13712744804378008
vision,bn_only,512,9622,2,2,1.5622532091355417,1.4274004623380256,0.13485274679751602
vision,bn_only,512,9623,2,2,1.5622532091355417,1.435145964256348,0.12710724487919367
vision,bn_only,512,9624,2,2,1.5622532091355417,1.4260191742114257,0.136234034924116
vision,bn_only,512,9625,2,2,1.5622532091355417,1.4292221346696838,0.13303107446585782
vision,bn_only,512,9621,2,4,1.3147708837514511,1.284595082378568,0.030175801372883226
vision,bn_only,512,9622,2,4,1.3147708837514511,1.2874712982876984,0.027299585463752774
vision,bn_only,512,9623,2,4,1.3147708837514511,1.2933841089500464,0.021386774801404718
vision,bn_only,512,9624,2,4,1.3147708837514511,1.28452146357327,0.030249420178181108
vision,bn_only,512,9625,2,4,1.3147708837514511,1.2920059068783245,0.02276497687312662
vision,bn_only,512,9621,4,2,1.5622532091355417,1.576197949426109,-0.013944740290567248
vision,bn_only,512,9622,4,2,1.5622532091355417,1.5811906171864598,-0.018937408050918147
vision,bn_only,512,9623,4,2,1.5622532091355417,1.5841012757605872,-0.02184806662504557
vision,bn_only,512,9624,4,2,1.5622532091355417,1.582169013274531,-0.0199158041389893
vision,bn_only,512,9625,4,2,1.5622532091355417,1.5813470747254323,-0.01909386558989068
vision,bn_only,512,9621,4,4,1.3147708837514511,1.3137216268130578,0.001049256938393306
vision,bn_only,512,9622,4,4,1.3147708837514511,1.3218410219118697,-0.007070138160418571
vision,bn_only,512,9623,4,4,1.3147708837514511,1.3196128296875396,-0.004841945936088443
vision,bn_only,512,9624,4,4,1.3147708837514511,1.3194638781710528,-0.004692994419601693
vision,bn_only,512,9625,4,4,1.3147708837514511,1.3223555435035146,-0.007584659752063461
vision,bn_only,2048,9621,2,2,1.5622532091355417,1.4019091019508663,0.1603441071846754
vision,bn_only,2048,9622,2,2,1.5622532091355417,1.3949511304615532,0.1673020786739885
vision,bn_only,2048,9623,2,2,1.5622532091355417,1.3984311261595925,0.16382208297594913
vision,bn_only,2048,9624,2,2,1.5622532091355417,1.3908775916190819,0.1713756175164598
vision,bn_only,2048,9625,2,2,1.5622532091355417,1.39244653920111,0.1698066699344316
vision,bn_only,2048,9621,2,4,1.3147708837514511,1.2974328278324625,0.017338055918988626
vision,bn_only,2048,9622,2,4,1.3147708837514511,1.2934237684920955,0.02134711525935562
vision,bn_only,2048,9623,2,4,1.3147708837514511,1.2878536164599907,0.02691726729146038
vision,bn_only,2048,9624,2,4,1.3147708837514511,1.2888074104859553,0.025963473265495862
vision,bn_only,2048,9625,2,4,1.3147708837514511,1.2885914257778437,0.026179457973607434
vision,bn_only,2048,9621,4,2,1.5622532091355417,1.5775215538869378,-0.015268344751396157
vision,bn_only,2048,9622,4,2,1.5622532091355417,1.5736141879383474,-0.011360978802805732
vision,bn_only,2048,9623,4,2,1.5622532091355417,1.578559810741199,-0.016306601605657445
vision,bn_only,2048,9624,4,2,1.5622532091355417,1.5740739313705825,-0.011820722235040826
vision,bn_only,2048,9625,4,2,1.5622532091355417,1.5773032180776354,-0.01505000894209374
vision,bn_only,2048,9621,4,4,1.3147708837514511,1.3125932101670652,0.0021776735843859196
vision,bn_only,2048,9622,4,4,1.3147708837514511,1.3122817964047193,0.002489087346731811
vision,bn_only,2048,9623,4,4,1.3147708837514511,1.3106837036597543,0.00408718009169684
vision,bn_only,2048,9624,4,4,1.3147708837514511,1.3102072697916067,0.0045636139598443926
vision,bn_only,2048,9625,4,4,1.3147708837514511,1.309964639149676,0.004806244601775145
vision,raw,512,9621,2,2,1.6372169614586514,1.4877933649581507,0.14942359650050063
vision,raw,512,9622,2,2,1.6372169614586514,1.5130489476342686,0.1241680138243828
vision,raw,512,9623,2,2,1.6372169614586514,1.5509325173540507,0.08628444410460068
vision,raw,512,9624,2,2,1.6372169614586514,1.5069448292287067,0.13027213222994471
vision,raw,512,9625,2,2,1.6372169614586514,1.479086036609835,0.1581309248488163
vision,raw,512,9621,2,4,1.3830965735921403,1.4043868685320544,-0.02129029493991408
vision,raw,512,9622,2,4,1.3830965735921403,1.435738816291385,-0.05264224269924456
vision,raw,512,9623,2,4,1.3830965735921403,1.4897161736313487,-0.10661960003920834
vision,raw,512,9624,2,4,1.3830965735921403,1.4262108183624804,-0.04311424477034009
vision,raw,512,9625,2,4,1.3830965735921403,1.3980746528000805,-0.014978079207940143
vision,raw,512,9621,4,2,1.6372169614586514,1.6542381792865695,-0.0170212178279181
vision,raw,512,9622,4,2,1.6372169614586514,1.6714917805976235,-0.034274819138972124
vision,raw,512,9623,4,2,1.6372169614586514,1.694703124467656,-0.057486163009004665
vision,raw,512,9624,4,2,1.6372169614586514,1.6646193820665591,-0.027402420607907763
vision,raw,512,9625,4,2,1.6372169614586514,1.6248974543687889,0.012319507089862514
vision,raw,512,9621,4,4,1.3830965735921403,1.4021297246953706,-0.019033151103230228
vision,raw,512,9622,4,4,1.3830965735921403,1.413026195929083,-0.02992962233694274
vision,raw,512,9623,4,4,1.3830965735921403,1.448275964939408,-0.06517939134726758
vision,raw,512,9624,4,4,1.3830965735921403,1.409700416837493,-0.026603843245352587
vision,raw,512,9625,4,4,1.3830965735921403,1.3749401195404818,0.008156454051658546
vision,raw,2048,9621,2,2,1.6372169614586514,1.4923532110852655,0.14486375037338584
vision,raw,2048,9622,2,2,1.6372169614586514,1.489191537456494,0.14802542400215746
vision,raw,2048,9623,2,2,1.6372169614586514,1.4479143535020529,0.18930260795659848
vision,raw,2048,9624,2,2,1.6372169614586514,1.4659756806020392,0.17124128085661217
vision,raw,2048,9625,2,2,1.6372169614586514,1.4679361958349588,0.16928076562369254
vision,raw,2048,9621,2,4,1.3830965735921403,1.413823946544563,-0.03072737295242267
vision,raw,2048,9622,2,4,1.3830965735921403,1.4045422931218403,-0.02144571952969998
vision,raw,2048,9623,2,4,1.3830965735921403,1.377302328016155,0.005794245575985402
vision,raw,2048,9624,2,4,1.3830965735921403,1.3869742137166905,-0.0038776401245501635
vision,raw,2048,9625,2,4,1.3830965735921403,1.3842563668338466,-0.0011597932417062307
vision,raw,2048,9621,4,2,1.6372169614586514,1.6509054890748114,-0.013688527616160018
vision,raw,2048,9622,4,2,1.6372169614586514,1.669941397342924,-0.03272443588427265
vision,raw,2048,9623,4,2,1.6372169614586514,1.611600865015341,0.02561609644331031
vision,raw,2048,9624,4,2,1.6372169614586514,1.6450154125851113,-0.007798451126459938
vision,raw,2048,9625,4,2,1.6372169614586514,1.6449459741231054,-0.007729012664454027
vision,raw,2048,9621,4,4,1.3830965735921403,1.4056980814320268,-0.02260150783988646
vision,raw,2048,9622,4,4,1.3830965735921403,1.4160923048636178,-0.03299573127147748
vision,raw,2048,9623,4,4,1.3830965735921403,1.368510542570916,0.014586031021224244
vision,raw,2048,9624,4,4,1.3830965735921403,1.3878709265050246,-0.004774352912884305
vision,raw,2048,9625,4,4,1.3830965735921403,1.3926004802197915,-0.009503906627651215
