init_id,condition,infer_T,updates,contrast,n,mean,sd,low,high,positive,negative
A,bn,2,512,G_a2,5,0.14006545047987945,0.010698921766255884,0.1267809845031209,0.153349916456638,5,0
A,bn,2,512,G_a4,5,-0.016215429941150418,0.008688909072796047,-0.027004135520507316,-0.005426724361793518,0,5
A,bn,2,512,P,5,0.1562808804210299,0.009884637186053813,0.14400748229180071,0.16855427855025906,5,0
A,bn,2,512,accuracy_gain_a2_pp,5,1.4340000000000017,0.43119601111327666,0.8985994368315758,1.9694005631684277,5,0
A,bn,2,512,accuracy_gain_a4_pp,5,-0.07400000000000073,0.31516662259826833,-0.4653310487157434,0.3173310487157419,3,2
A,bn,2,512,accuracy_target_minus_reuse_pp,5,1.5080000000000024,0.4700212761141756,0.9243915030592398,2.091608496940765,5,0
A,bn,2,1024,G_a2,5,0.15882779799944488,0.0056558328887239915,0.1518051539216595,0.16585044207723026,5,0
A,bn,2,1024,G_a4,5,-0.0059057758190948825,0.005000814935503139,-0.012115107686188807,0.0003035560479990431,1,4
A,bn,2,1024,P,5,0.16473357381853976,0.004652229122034577,0.15895706840631432,0.1705100792307652,5,0
A,bn,2,1024,accuracy_gain_a2_pp,5,1.4500000000000002,0.459728180558903,0.8791720692402907,2.02082793075971,5,0
A,bn,2,1024,accuracy_gain_a4_pp,5,0.12600000000000167,0.22232858565645763,-0.15005740058118355,0.4020574005811869,3,2
A,bn,2,1024,accuracy_target_minus_reuse_pp,5,1.3239999999999985,0.3169069263995361,0.9305080787082844,1.7174919212917126,5,0
A,bn,2,2048,G_a2,5,0.1733954710414051,0.0063719597184182936,0.1654836380610405,0.1813073040217697,5,0
A,bn,2,2048,G_a4,5,0.006184847335098276,0.006386217369579577,-0.0017446888574122257,0.014114383527608777,4,1
A,bn,2,2048,P,5,0.16721062370630682,0.011160794900098699,0.15335266648751808,0.18106858092509556,5,0
A,bn,2,2048,accuracy_gain_a2_pp,5,1.9300000000000026,0.21621748310439942,1.661530535447039,2.198469464552966,5,0
A,bn,2,2048,accuracy_gain_a4_pp,5,0.20600000000000396,0.41040224170927536,-0.3035816883125225,0.7155816883125304,4,1
A,bn,2,2048,accuracy_target_minus_reuse_pp,5,1.7239999999999989,0.5415994830130472,1.0515154204969273,2.3964845795030705,5,0
A,bn,4,512,G_a2,5,0.030202711748725308,0.004341946086781093,0.024811473610627507,0.03559394988682311,5,0
A,bn,4,512,G_a4,5,-0.003940624745057386,0.005540941456766449,-0.010820612268079004,0.002939362777964232,1,4
A,bn,4,512,P,5,-0.03414333649378269,0.0027872684872366892,-0.037604187427712356,-0.030682485559853027,0,5
A,bn,4,512,accuracy_gain_a2_pp,5,-0.40999999999999925,0.1847971861257635,-0.63945601298172,-0.18054398701827856,0,5
A,bn,4,512,accuracy_gain_a4_pp,5,0.1639999999999997,0.15339491516996223,-0.026464943674062824,0.3544649436740622,4,0
A,bn,4,512,accuracy_target_minus_reuse_pp,5,0.573999999999999,0.2850964748992886,0.22000597110274922,0.9279940288972487,5,0
A,bn,4,1024,G_a2,5,0.030638189266712378,0.003657315301760137,0.02609703252643708,0.035179346006987675,5,0
A,bn,4,1024,G_a4,5,0.0038101977521507457,0.003363024323901663,-0.00036554847592150386,0.007985943980222995,5,0
A,bn,4,1024,P,5,-0.026827991514561632,0.0034616559935917906,-0.03112620513597084,-0.022529777893152424,0,5
A,bn,4,1024,accuracy_gain_a2_pp,5,-0.43799999999999617,0.1329285522376578,-0.6030525976468443,-0.27294740235314807,0,5
A,bn,4,1024,accuracy_gain_a4_pp,5,0.22399999999999975,0.16712270940838764,0.016489748445335323,0.43151025155466416,4,0
A,bn,4,1024,accuracy_target_minus_reuse_pp,5,0.6619999999999959,0.09984988733093605,0.5380199896764705,0.7859800103235214,5,0
A,bn,4,2048,G_a2,5,0.027796459928091054,0.003193048522553568,0.023831766533118567,0.03176115332306354,5,0
A,bn,4,2048,G_a4,5,0.011755475581151087,0.005416017313186249,0.0050306018697194406,0.018480349292582732,5,0
A,bn,4,2048,P,5,-0.016040984346939968,0.0039793713819987865,-0.02098202652745022,-0.011099942166429715,0,5
A,bn,4,2048,accuracy_gain_a2_pp,5,-0.2740000000000009,0.28987928522059125,-0.6339326722834495,0.08593267228344775,1,4
A,bn,4,2048,accuracy_gain_a4_pp,5,0.4920000000000013,0.134238593556399,0.3253207712115129,0.6586792287884897,5,0
A,bn,4,2048,accuracy_target_minus_reuse_pp,5,0.7660000000000022,0.37607180165495213,0.2990451831454214,1.232954816854583,5,0
A,raw,2,512,G_a2,5,0.12610056535894518,0.025029656350096227,0.09502214218161846,0.15717898853627188,5,0
A,raw,2,512,G_a4,5,-0.022297431724406725,0.030536923083896987,-0.06021402973359907,0.015619166284785626,2,3
A,raw,2,512,P,5,0.1483979970833519,0.00696347322479798,0.13975170307766438,0.15704429108903945,5,0
A,raw,2,512,accuracy_gain_a2_pp,5,1.607999999999998,0.29397278785629233,1.2429845728672473,1.973015427132749,5,0
A,raw,2,512,accuracy_gain_a4_pp,5,-0.34199999999999786,0.40400495046471974,-0.8436384020881355,0.15963840208813973,2,3
A,raw,2,512,accuracy_target_minus_reuse_pp,5,1.9499999999999964,0.24929901724635878,1.6404543854976135,2.2595456145023793,5,0
A,raw,2,1024,G_a2,5,0.16597794303043636,0.012617242931629866,0.15031156672564064,0.1816443193352321,5,0
A,raw,2,1024,G_a4,5,0.007213620565244971,0.025136337111640292,-0.023997264272991974,0.03842450540348191,2,3
A,raw,2,1024,P,5,0.1587643224651914,0.015477524720840753,0.13954643723801466,0.17798220769236814,5,0
A,raw,2,1024,accuracy_gain_a2_pp,5,2.1199999999999997,0.43445367992457273,1.5805545067505165,2.659445493249483,5,0
A,raw,2,1024,accuracy_gain_a4_pp,5,0.17800000000000038,0.2972709202057953,-0.1911105993324395,0.5471105993324403,4,1
A,raw,2,1024,accuracy_target_minus_reuse_pp,5,1.9419999999999995,0.3954364677163705,1.4510007744597173,2.4329992255402817,5,0
A,raw,2,2048,G_a2,5,0.16380449667342017,0.016797290277559166,0.14294790606839686,0.1846610872784435,5,0
A,raw,2,2048,G_a4,5,0.010106526422444828,0.022561656720344256,-0.01790747046703864,0.0381205233119283,3,2
A,raw,2,2048,P,5,0.15369797025097537,0.010501795253728928,0.140658269167913,0.16673767133403775,5,0
A,raw,2,2048,accuracy_gain_a2_pp,5,2.5160000000000027,0.2685702887513829,2.182525941470221,2.8494740585297844,5,0
A,raw,2,2048,accuracy_gain_a4_pp,5,0.27799999999999825,0.2738977911557509,-0.062089026465631025,0.6180890264656276,5,0
A,raw,2,2048,accuracy_target_minus_reuse_pp,5,2.238000000000004,0.4540594674709476,1.6742107061977554,2.8017892938022526,5,0
A,raw,4,512,G_a2,5,-0.049560602368683336,0.03343133855313182,-0.09107109186186864,-0.008050112875498033,0,5
A,raw,4,512,G_a4,5,-0.028725572293905932,0.026678741726576652,-0.06185160541317269,0.004400460825360823,0,5
A,raw,4,512,P,5,0.020835030074777404,0.008084353077658101,0.01079697990948154,0.030873080240073267,5,0
A,raw,4,512,accuracy_gain_a2_pp,5,-2.1799999999999997,0.5101960407529644,-2.813492055829056,-1.5465079441709433,0,5
A,raw,4,512,accuracy_gain_a4_pp,5,-0.4679999999999995,0.4123954412939142,-0.9800565724780067,0.04405657247800765,1,4
A,raw,4,512,accuracy_target_minus_reuse_pp,5,1.7120000000000002,0.2760796986379136,1.369201777566358,2.054798222433642,5,0
A,raw,4,1024,G_a2,5,-0.011747409598297676,0.013380297648725127,-0.02836124347397014,0.0048664242773747875,1,4
A,raw,4,1024,G_a4,5,-0.004026482681070842,0.014803919317706747,-0.02240797633018054,0.014355010968038857,2,3
A,raw,4,1024,P,5,0.007720926917226834,0.013627199574466255,-0.009199476190725567,0.024641330025179237,3,2
A,raw,4,1024,accuracy_gain_a2_pp,5,-1.769999999999996,0.3430014577228484,-2.1958925613858673,-1.3441074386141247,0,5
A,raw,4,1024,accuracy_gain_a4_pp,5,-0.16599999999999948,0.11148990985734959,-0.30443300723285344,-0.027566992767145526,1,4
A,raw,4,1024,accuracy_target_minus_reuse_pp,5,1.6039999999999968,0.3479655155327864,1.1719437467465232,2.03605625325347,5,0
A,raw,4,2048,G_a2,5,-0.008596349378282886,0.015730393490909593,-0.028128212653524158,0.010935513896958389,3,2
A,raw,4,2048,G_a4,5,-0.005375048834833996,0.01886472918569884,-0.02879870390058005,0.018048606230912062,2,3
A,raw,4,2048,P,5,0.0032213005434488908,0.00968807188061999,-0.008808029522727186,0.015250630609624966,3,2
A,raw,4,2048,accuracy_gain_a2_pp,5,-1.33,0.3498571136907173,-1.764404982585245,-0.8955950174147551,0,5
A,raw,4,2048,accuracy_gain_a4_pp,5,0.13800000000000034,0.26527344382730783,-0.19138048487989628,0.467380484879897,3,1
A,raw,4,2048,accuracy_target_minus_reuse_pp,5,1.4680000000000004,0.32483842137284336,1.0646598269479965,1.8713401730520043,5,0
B,bn,2,512,G_a2,3,0.14258737351028636,0.005798936173282911,0.12818201747420113,0.15699272954637158,3,0
B,bn,2,512,G_a4,3,-0.01512442858470601,0.004649326567860656,-0.026673996046171395,-0.0035748611232406247,0,3
B,bn,2,512,P,3,0.15771180209499236,0.0059820833229041375,0.14285148331773345,0.17257212087225127,3,0
B,bn,2,512,accuracy_gain_a2_pp,3,1.4099999999999928,0.2406241883103207,0.8122563794590122,2.0077436205409733,3,0
B,bn,2,512,accuracy_gain_a4_pp,3,0.14999999999999458,0.13747727084867095,-0.19151247302370328,0.49151247302369244,2,0
B,bn,2,512,accuracy_target_minus_reuse_pp,3,1.2599999999999982,0.2251666049839517,0.700655145132574,1.8193448548674225,3,0
B,bn,2,1024,G_a2,3,0.15277675301243634,0.001520398534655823,0.14899987367560788,0.1565536323492648,3,0
B,bn,2,1024,G_a4,3,-0.0163257505070263,0.004683842530372529,-0.027961060372624788,-0.004690440641427811,0,3
B,bn,2,1024,P,3,0.16910250351946265,0.005164790345505199,0.15627245304890916,0.18193255399001615,3,0
B,bn,2,1024,accuracy_gain_a2_pp,3,1.7566666666666617,0.08736894948054223,1.5396301644260373,1.9737031689072861,3,0
B,bn,2,1024,accuracy_gain_a4_pp,3,0.3699999999999963,0.3857460304397178,-0.5882462613732975,1.32824626137329,2,1
B,bn,2,1024,accuracy_target_minus_reuse_pp,3,1.3866666666666656,0.4445597072760141,0.2823191326976313,2.4910142006357,3,0
B,bn,2,2048,G_a2,3,0.15916354774968156,0.005651568121676749,0.14512427424809837,0.17320282125126474,3,0
B,bn,2,2048,G_a4,3,-0.001803810980993618,0.005473933361629213,-0.015401815276225004,0.01179419331423777,2,1
B,bn,2,2048,P,3,0.16096735873067516,0.0008418247142802545,0.15887615021124812,0.1630585672501022,3,0
B,bn,2,2048,accuracy_gain_a2_pp,3,1.9799999999999962,0.17058722109231794,1.5562378509418777,2.4037621490581147,3,0
B,bn,2,2048,accuracy_gain_a4_pp,3,0.399999999999993,0.10583005244258455,0.13710357569085357,0.6628964243091324,3,0
B,bn,2,2048,accuracy_target_minus_reuse_pp,3,1.5800000000000036,0.19467922333931523,1.0963899996085456,2.0636100003914617,3,0
B,bn,4,512,G_a2,3,0.019861578457173845,0.003553100406129536,0.011035187744672052,0.02868796916967564,3,0
B,bn,4,512,G_a4,3,-0.0042755523336469965,0.001686862973195429,-0.008465952259917049,-8.515240737694448e-05,0,3
B,bn,4,512,P,3,-0.024137130790820843,0.0034721983132469385,-0.03276254956343345,-0.015511712018208237,0,3
B,bn,4,512,accuracy_gain_a2_pp,3,-0.8466666666666622,0.31533051443419235,-1.6299910892382714,-0.06334224409505318,0,3
B,bn,4,512,accuracy_gain_a4_pp,3,-0.03999999999999929,0.21794494717703514,-0.5814052623679059,0.5014052623679074,2,1
B,bn,4,512,accuracy_target_minus_reuse_pp,3,0.806666666666663,0.18147543451754605,0.35585669602534925,1.2574766373079767,3,0
B,bn,4,1024,G_a2,3,0.016050413423858084,0.003183802589773158,0.008141409343834215,0.023959417503881954,3,0
B,bn,4,1024,G_a4,3,0.00039535433299797695,0.0030161460529739273,-0.007097167821341465,0.007887876487337419,2,1
B,bn,4,1024,P,3,-0.015655059090860107,0.000995185005787337,-0.0181272356939049,-0.013182882487815312,0,3
B,bn,4,1024,accuracy_gain_a2_pp,3,-0.699999999999997,0.3260368077380199,-1.5099203295207042,0.10992032952071018,0,3
B,bn,4,1024,accuracy_gain_a4_pp,3,0.15333333333333496,0.08962886439832154,-0.06931710877989214,0.37598377544656203,3,0
B,bn,4,1024,accuracy_target_minus_reuse_pp,3,0.8533333333333318,0.3401960219246135,0.008239565882957378,1.6984271007837064,3,0
B,bn,4,2048,G_a2,3,0.007179684488906046,0.0020309535354092246,0.002134516220783332,0.01222485275702876,3,0
B,bn,4,2048,G_a4,3,0.006528728803901096,0.0010971153890748783,0.003803343091758555,0.009254114516043637,3,0
B,bn,4,2048,P,3,-0.0006509556850049503,0.002374863728966203,-0.00655044423439791,0.005248532864388009,1,2
B,bn,4,2048,accuracy_gain_a2_pp,3,-0.7666666666666636,0.07023769168568299,-0.9411467653693613,-0.592186567963966,0,3
B,bn,4,2048,accuracy_gain_a4_pp,3,0.3633333333333377,0.18230011885167274,-0.08952526676266981,0.8161919334293453,3,0
B,bn,4,2048,accuracy_target_minus_reuse_pp,3,1.1300000000000014,0.11532562594671211,0.8435152634545615,1.4164847365454414,3,0
B,raw,2,512,G_a2,3,0.09298140211018424,0.025961971601738017,0.028488289382915713,0.15747451483745278,3,0
B,raw,2,512,G_a4,3,-0.029955467140705627,0.014519214603270575,-0.06602319568168617,0.006112261400274918,0,3
B,raw,2,512,P,3,0.12293686925088987,0.011534304973806872,0.09428406728662682,0.15158967121515293,3,0
B,raw,2,512,accuracy_gain_a2_pp,3,1.4033333333333378,0.5851780355868939,-0.05032949295604183,2.8569961596227174,3,0
B,raw,2,512,accuracy_gain_a4_pp,3,-0.07666666666666193,0.33501243758006155,-0.9088836967646963,0.7555503634313725,1,2
B,raw,2,512,accuracy_target_minus_reuse_pp,3,1.4799999999999998,0.2505992817228337,0.8574768737347633,2.102523126265236,3,0
B,raw,2,1024,G_a2,3,0.10734776013784579,0.014712297909066311,0.07080038607542864,0.14389513420026295,3,0
B,raw,2,1024,G_a4,3,-0.028159995194167564,0.02528692406449697,-0.09097619687695142,0.034656206488616295,0,3
B,raw,2,1024,P,3,0.13550775533201334,0.010594854337275932,0.10918867812228465,0.16182683254174204,3,0
B,raw,2,1024,accuracy_gain_a2_pp,3,1.7400000000000044,0.1345362404707392,1.4057934514495303,2.0742065485504786,3,0
B,raw,2,1024,accuracy_gain_a4_pp,3,0.18000000000000607,0.4603259714593555,-0.9635131054002851,1.3235131054002973,2,1
B,raw,2,1024,accuracy_target_minus_reuse_pp,3,1.5599999999999985,0.3340658617697984,0.7301343945692694,2.3898656054307277,3,0
B,raw,2,2048,G_a2,3,0.11739677320459944,0.02399095819197292,0.057799929218894,0.17699361719030487,3,0
B,raw,2,2048,G_a4,3,-0.014471848986173633,0.01094345827028427,-0.04165690637235282,0.012713208400005558,0,3
B,raw,2,2048,P,3,0.13186862219077308,0.013119242550492394,0.09927861702149535,0.16445862736005082,3,0
B,raw,2,2048,accuracy_gain_a2_pp,3,2.1933333333333396,0.22188585654190485,1.64213830939357,2.744528357273109,3,0
B,raw,2,2048,accuracy_gain_a4_pp,3,0.2466666666666728,0.2857154761879939,-0.46308992256262627,0.9564232558959719,2,1
B,raw,2,2048,accuracy_target_minus_reuse_pp,3,1.946666666666667,0.23115651263447418,1.372442056314678,2.520891277018656,3,0
B,raw,4,512,G_a2,3,-0.049429836079988444,0.041447410954310364,-0.15239091268600458,0.05353124052602768,0,3
B,raw,4,512,G_a4,3,-0.035648364862225224,0.024497012048670812,-0.09650231631753059,0.02520558659308015,0,3
B,raw,4,512,P,3,0.013781471217763222,0.017040665899469672,-0.028549889576447253,0.056112832011973694,2,1
B,raw,4,512,accuracy_gain_a2_pp,3,-1.7499999999999958,0.7400000000000022,-3.5882619066952453,0.08826190669525391,0,3
B,raw,4,512,accuracy_gain_a4_pp,3,0.0033333333333329662,0.6115826463637875,-1.5159221823510174,1.5225888490176833,2,1
B,raw,4,512,accuracy_target_minus_reuse_pp,3,1.7533333333333292,0.2214347157365699,1.2032590052814016,2.3034076613852568,3,0
B,raw,4,1024,G_a2,3,-0.03982189830589141,0.01120791262547103,-0.06766389672882665,-0.011979899882956172,0,3
B,raw,4,1024,G_a4,3,-0.03233968723292143,0.013472525392487585,-0.06580729563291376,0.0011279211670708958,0,3
B,raw,4,1024,P,3,0.00748221107296998,0.00376499683147481,-0.0018705595407170986,0.016834981686657056,3,0
B,raw,4,1024,accuracy_gain_a2_pp,3,-1.476666666666663,0.24110855093366973,-2.075613510666467,-0.8777198226668588,0,3
B,raw,4,1024,accuracy_gain_a4_pp,3,-0.11333333333332825,0.31262330900516067,-0.8899326848052245,0.6632660181385679,1,2
B,raw,4,1024,accuracy_target_minus_reuse_pp,3,1.363333333333335,0.44736264186154195,0.2520229238568217,2.4746437428098487,3,0
B,raw,4,2048,G_a2,3,-0.03521520298596966,0.030159204313028393,-0.1101348197763467,0.039704413804407375,0,3
B,raw,4,2048,G_a4,3,-0.023439328957636157,0.01843879635997352,-0.0692438383547311,0.022365180439458784,0,3
B,raw,4,2048,P,3,0.011775874028333503,0.011838118307983142,-0.01763164209668943,0.04118339015335643,2,1
B,raw,4,2048,accuracy_gain_a2_pp,3,-1.1899999999999948,0.610000000000005,-2.7053240041677085,0.3253240041677188,0,3
B,raw,4,2048,accuracy_gain_a4_pp,3,0.22000000000000167,0.4942671342502961,-1.007827627869922,1.4478276278699256,1,2
B,raw,4,2048,accuracy_target_minus_reuse_pp,3,1.4099999999999966,0.2821347195933204,0.7091385032641246,2.1108614967358683,3,0
